OrderID,UserID,ProductID,Quantity,OrderDate,ReviewRating,OrderAmount
O0001,U0042,P0003,2,15-01-2024 10:23,4,47998
O0002,U0121,P0010,1,16-01-2024 18:45,5,499
O0003,U0377,P0024,3,17-01-2024 09:12,5,5997
O0004,U0189,P0007,1,18-01-2024 13:05,3,7499
O0005,U0098,P0002,1,19-01-2024 20:35,5,69999
O0006,U0451,P0004,2,20-01-2024 11:48,4,17998
O0007,U0270,P0015,1,21-01-2024 15:26,5,7999
O0008,U0165,P0031,1,22-01-2024 19:14,4,45999
O0009,U0500,P0011,4,23-01-2024 09:56,5,1196
O0010,U0088,P0059,1,24-01-2024 16:42,5,19999
O0011,U0339,P0005,2,25-01-2024 21:10,4,21998
O0012,U0112,P0047,1,26-01-2024 08:33,3,999
O0013,U0244,P0099,1,27-01-2024 12:15,4,21999
O0014,U0408,P0065,1,28-01-2024 14:48,5,24999
O0015,U0135,P0017,1,29-01-2024 17:32,4,4499
O0016,U0181,P0082,1,01-02-2024 20:50,5,69999
O0017,U0419,P0027,2,02-02-2024 10:05,4,23998
O0018,U0066,P0030,3,03-02-2024 09:25,5,2697
O0019,U0217,P0048,1,03-02-2024 15:40,3,4999
O0020,U0325,P0102,1,04-02-2024 11:18,5,49999
O0021,U0148,P0028,2,04-02-2024 16:55,4,19998
O0022,U0294,P0061,1,05-02-2024 20:12,5,2499
O0023,U0109,P0116,1,06-02-2024 12:42,5,129999
O0024,U0384,P0018,1,07-02-2024 19:33,4,62999
O0025,U0477,P0193,2,08-02-2024 08:16,4,798
O0026,U0051,P0070,1,08-02-2024 14:20,5,19999
O0027,U0128,P0140,1,09-02-2024 17:11,5,39999
O0028,U0276,P0088,1,10-02-2024 11:09,5,38999
O0029,U0445,P0026,3,11-02-2024 20:27,4,3897
O0030,U0092,P0100,1,12-02-2024 09:45,5,24999
O0031,U0015,P0006,2,12-02-2024 12:22,3,7998
O0032,U0207,P0151,1,13-02-2024 19:38,4,1999
O0033,U0310,P0137,1,14-02-2024 13:14,5,2999
O0034,U0025,P0008,1,15-02-2024 20:55,5,32999
O0035,U0463,P0055,2,16-02-2024 09:31,4,4598
O0036,U0371,P0095,1,17-02-2024 15:42,5,57999
O0037,U0264,P0022,1,18-02-2024 10:50,4,8999
O0038,U0117,P0073,2,19-02-2024 18:47,5,2998
O0039,U0488,P0159,3,20-02-2024 11:23,4,2997
O0040,U0306,P0195,1,21-02-2024 14:59,5,349
O0041,U0122,P0124,1,22-02-2024 10:31,5,104999
O0042,U0258,P0042,2,22-02-2024 16:12,4,398
O0043,U0079,P0132,1,23-02-2024 19:25,4,7999
O0044,U0347,P0198,1,24-02-2024 09:40,5,549
O0045,U0173,P0058,1,25-02-2024 13:56,4,42999
O0046,U0224,P0161,3,26-02-2024 20:03,5,1797
O0047,U0369,P0090,2,27-02-2024 11:47,5,2598
O0048,U0084,P0145,1,28-02-2024 14:22,4,31999
O0049,U0456,P0180,1,28-02-2024 18:33,5,2999
O0050,U0095,P0023,2,01-03-2024 12:41,4,5998
O0051,U0281,P0182,1,02-03-2024 16:08,5,5499
O0052,U0434,P0044,3,03-03-2024 09:30,4,2997
O0053,U0141,P0174,2,03-03-2024 20:17,4,3998
O0054,U0213,P0111,1,04-03-2024 13:02,5,39999
O0055,U0460,P0197,1,05-03-2024 18:12,5,599
O0056,U0028,P0035,2,06-03-2024 10:45,4,3998
O0057,U0129,P0125,1,07-03-2024 15:23,5,96999
O0058,U0388,P0080,2,08-03-2024 19:59,4,3198
O0059,U0472,P0163,1,09-03-2024 11:37,5,749
O0060,U0251,P0009,1,10-03-2024 09:14,4,6499
O0061,U0057,P0025,1,11-03-2024 20:01,5,38999
O0062,U0405,P0091,1,12-03-2024 14:32,5,3999
O0063,U0176,P0078,1,13-03-2024 08:25,4,4299
O0064,U0332,P0107,1,14-03-2024 17:46,5,57999
O0065,U0468,P0068,2,15-03-2024 10:39,4,4998
O0066,U0159,P0187,1,16-03-2024 15:20,5,4999
O0067,U0275,P0196,2,17-03-2024 20:15,5,598
O0068,U0203,P0012,1,18-03-2024 09:09,4,1999
O0069,U0447,P0162,3,19-03-2024 18:53,5,1347
O0070,U0185,P0046,1,20-03-2024 12:41,4,7999
O0071,U0327,P0135,2,21-03-2024 16:17,4,12998
O0072,U0192,P0118,1,22-03-2024 08:26,5,74999
O0073,U0229,P0170,1,23-03-2024 13:58,5,199
O0074,U0296,P0181,1,24-03-2024 19:12,5,9999
O0075,U0411,P0066,1,25-03-2024 14:22,4,18999
O0076,U0119,P0131,1,26-03-2024 09:41,5,2999
O0077,U0398,P0014,2,27-03-2024 15:10,4,4998
O0078,U0289,P0056,1,28-03-2024 20:04,5,55999
O0079,U0102,P0129,1,29-03-2024 11:28,4,35999
O0080,U0437,P0019,1,30-03-2024 18:11,5,99999
O0081,U0215,P0199,2,01-04-2024 09:12,5,1398
O0082,U0344,P0156,1,02-04-2024 12:50,4,3499
O0083,U0068,P0041,4,03-04-2024 15:33,5,996
O0084,U0259,P0130,1,04-04-2024 20:47,4,44999
O0085,U0390,P0175,1,05-04-2024 10:26,5,7999
O0086,U0483,P0087,1,06-04-2024 19:09,5,8999
O0087,U0138,P0144,1,07-04-2024 13:56,4,61999
O0088,U0091,P0064,1,08-04-2024 09:30,5,24999
O0089,U0178,P0020,1,09-04-2024 16:21,4,12999
O0090,U0362,P0108,1,10-04-2024 19:40,5,56999
O0091,U0423,P0190,2,11-04-2024 08:39,4,10998
O0092,U0235,P0001,1,12-04-2024 11:22,5,18999
O0093,U0308,P0172,1,13-04-2024 14:37,5,2999
O0094,U0049,P0052,2,14-04-2024 18:05,4,4998
O0095,U0459,P0169,1,15-04-2024 09:11,5,399
O0096,U0273,P0039,1,16-04-2024 12:55,5,29999
O0097,U0380,P0123,1,17-04-2024 16:44,4,21999
O0098,U0081,P0075,1,18-04-2024 20:19,4,1799
O0099,U0116,P0194,1,19-04-2024 10:03,5,449
O0100,U0475,P0086,1,20-04-2024 15:22,5,14999
O0101,U0027,P0043,1,21-04-2024 11:15,4,349
O0102,U0417,P0097,1,21-04-2024 18:32,5,27999
O0103,U0290,P0063,1,22-04-2024 10:08,5,8999
O0104,U0145,P0188,2,22-04-2024 16:44,4,7998
O0105,U0364,P0009,1,23-04-2024 09:11,4,6499
O0106,U0114,P0155,3,23-04-2024 19:58,5,4797
O0107,U0239,P0085,1,24-04-2024 13:22,5,12999
O0108,U0470,P0016,1,25-04-2024 17:10,4,1599
O0109,U0174,P0177,2,26-04-2024 11:37,5,3198
O0110,U0401,P0192,1,27-04-2024 15:43,5,499
O0111,U0278,P0120,1,28-04-2024 12:27,5,13999
O0112,U0086,P0167,1,28-04-2024 20:09,4,249
O0113,U0221,P0038,1,29-04-2024 09:51,5,25999
O0114,U0335,P0141,1,29-04-2024 18:24,5,34999
O0115,U0097,P0189,1,30-04-2024 10:38,4,899
O0116,U0469,P0013,2,30-04-2024 15:56,5,2998
O0117,U0208,P0074,1,01-05-2024 09:13,4,2599
O0118,U0378,P0127,1,01-05-2024 19:40,5,28999
O0119,U0243,P0165,2,02-05-2024 13:27,5,298
O0120,U0321,P0138,1,02-05-2024 20:55,4,12999
O0121,U0103,P0191,1,03-05-2024 09:36,5,399
O0122,U0262,P0001,1,03-05-2024 14:44,5,18999
O0123,U0125,P0110,1,04-05-2024 11:52,4,16999
O0124,U0430,P0084,1,05-05-2024 17:15,5,2499
O0125,U0187,P0062,1,06-05-2024 09:48,4,6999
O0126,U0351,P0178,1,06-05-2024 19:26,5,24999
O0127,U0072,P0199,2,07-05-2024 13:02,5,1398
O0128,U0395,P0152,1,08-05-2024 10:17,4,2499
O0129,U0149,P0183,1,08-05-2024 20:49,5,2999
O0130,U0230,P0012,1,09-05-2024 14:28,5,1999
O0131,U0428,P0143,1,10-05-2024 16:19,4,41999
O0132,U0284,P0176,2,11-05-2024 09:12,5,1398
O0133,U0096,P0037,1,11-05-2024 18:03,4,5999
O0134,U0368,P0199,1,12-05-2024 12:31,5,699
O0135,U0118,P0020,1,13-05-2024 09:52,4,12999
O0136,U0256,P0105,1,14-05-2024 17:46,5,28999
O0137,U0441,P0045,1,15-05-2024 13:10,5,3499
O0138,U0171,P0186,1,15-05-2024 20:21,4,1899
O0139,U0054,P0136,1,16-05-2024 09:25,5,3499
O0140,U0303,P0021,1,17-05-2024 11:14,4,5999
O0141,U0479,P0019,1,18-05-2024 19:42,5,99999
O0142,U0225,P0067,1,19-05-2024 12:35,4,10999
O0143,U0342,P0128,1,20-05-2024 14:28,5,15999
O0144,U0409,P0050,1,20-05-2024 20:53,4,799
O0145,U0194,P0104,1,21-05-2024 09:15,5,12999
O0146,U0248,P0139,1,22-05-2024 18:34,5,15999
O0147,U0319,P0173,1,23-05-2024 10:29,4,2599
O0148,U0070,P0158,2,23-05-2024 15:46,5,2998
O0149,U0452,P0029,1,24-05-2024 19:11,5,17999
O0150,U0286,P0002,1,25-05-2024 11:03,5,69999
O0151,U0106,P0184,2,25-05-2024 16:39,4,598
O0152,U0161,P0149,1,26-05-2024 09:41,4,47999
O0153,U0219,P0017,1,27-05-2024 20:22,5,4499
O0154,U0439,P0166,1,28-05-2024 12:36,5,499
O0155,U0124,P0036,1,28-05-2024 19:58,4,6499
O0156,U0271,P0115,1,29-05-2024 10:47,5,84999
O0157,U0063,P0185,1,30-05-2024 15:03,4,3499
O0158,U0357,P0093,1,30-05-2024 19:55,5,8999
O0159,U0137,P0122,1,31-05-2024 09:12,4,21999
O0160,U0426,P0005,1,31-05-2024 18:26,5,10999
O0161,U0180,P0179,1,01-06-2024 13:44,5,499
O0162,U0252,P0076,1,02-06-2024 09:37,4,3999
O0163,U0370,P0154,2,02-06-2024 14:52,5,3598
O0164,U0056,P0049,1,03-06-2024 17:21,4,899
O0165,U0115,P0146,1,04-06-2024 12:38,5,35999
O0166,U0220,P0171,1,05-06-2024 19:09,5,1499
O0167,U0302,P0134,1,06-06-2024 10:14,4,4499
O0168,U0465,P0164,1,07-06-2024 09:59,5,199
O0169,U0190,P0024,2,07-06-2024 15:25,5,3998
O0170,U0087,P0060,1,08-06-2024 12:11,4,2999
O0171,U0407,P0157,1,09-06-2024 18:34,5,6999
O0172,U0232,P0182,1,10-06-2024 09:43,5,5499
O0173,U0328,P0098,1,11-06-2024 14:29,4,31999
O0174,U0069,P0168,2,12-06-2024 19:15,5,698
O0175,U0157,P0051,1,13-06-2024 09:31,5,45999
O0176,U0449,P0112,1,14-06-2024 16:58,4,42999
O0177,U0214,P0194,1,15-06-2024 11:42,5,449
O0178,U0282,P0103,1,15-06-2024 20:22,5,34999
O0179,U0349,P0181,1,16-06-2024 13:55,4,9999
O0180,U0127,P0072,1,17-06-2024 09:46,5,1999
O0181,U0198,P0014,1,17-06-2024 18:29,5,2499
O0182,U0435,P0133,1,18-06-2024 10:34,4,6499
O0183,U0094,P0022,1,19-06-2024 16:05,4,8999
O0184,U0311,P0150,1,20-06-2024 09:57,5,52999
O0185,U0466,P0054,1,20-06-2024 20:18,5,3599
O0186,U0133,P0175,1,21-06-2024 11:13,5,7999
O0187,U0254,P0126,1,22-06-2024 15:34,5,38999
O0188,U0376,P0089,1,23-06-2024 09:41,4,54999
O0189,U0142,P0177,2,24-06-2024 13:29,5,3198
O0190,U0298,P0196,1,25-06-2024 19:45,4,299
O0191,U0059,P0160,1,26-06-2024 10:26,4,3999
O0192,U0184,P0077,1,27-06-2024 12:59,5,899
O0193,U0412,P0117,1,28-06-2024 09:33,5,64999
O0194,U0227,P0040,2,29-06-2024 14:58,4,1198
O0195,U0085,P0195,1,30-06-2024 18:27,5,349
O0196,U0307,P0180,1,01-07-2024 11:22,5,2999
O0197,U0153,P0109,1,02-07-2024 09:17,4,29999
O0198,U0392,P0153,1,02-07-2024 16:40,5,2999
O0199,U0126,P0007,1,03-07-2024 12:25,4,7499
O0200,U0457,P0190,1,04-07-2024 19:36,5,5499
O0201,U0374,P0066,1,05-07-2024 09:28,5,18999
O0202,U0165,P0135,1,05-07-2024 18:44,4,6499
O0203,U0218,P0174,1,06-07-2024 10:11,5,1999
O0204,U0052,P0114,1,07-07-2024 14:59,5,62999
O0205,U0317,P0081,1,07-07-2024 20:22,4,42999
O0206,U0091,P0193,1,08-07-2024 12:14,5,399
O0207,U0229,P0008,1,09-07-2024 09:52,4,32999
O0208,U0402,P0172,1,09-07-2024 19:18,5,2999
O0209,U0195,P0046,1,10-07-2024 11:37,5,7999
O0210,U0139,P0187,1,11-07-2024 13:25,4,4999
O0211,U0448,P0026,2,12-07-2024 10:45,5,2598
O0212,U0258,P0075,1,13-07-2024 15:42,5,1799
O0213,U0182,P0161,1,14-07-2024 09:21,4,599
O0214,U0338,P0011,1,15-07-2024 17:33,5,299
O0215,U0121,P0197,1,15-07-2024 20:59,5,599
O0216,U0399,P0023,1,16-07-2024 09:40,4,2999
O0217,U0281,P0162,2,17-07-2024 12:29,5,898
O0218,U0067,P0090,1,18-07-2024 19:35,4,1299
O0219,U0159,P0052,1,19-07-2024 09:15,5,2499
O0220,U0245,P0189,1,20-07-2024 11:56,4,899
O0221,U0082,P0121,1,20-07-2024 18:37,5,29999
O0222,U0437,P0034,1,21-07-2024 10:08,5,4999
O0223,U0305,P0170,1,22-07-2024 12:46,4,199
O0224,U0273,P0156,1,23-07-2024 19:25,5,3499
O0225,U0147,P0198,1,24-07-2024 09:52,5,549
O0226,U0212,P0027,1,25-07-2024 11:31,4,11999
O0227,U0371,P0130,1,26-07-2024 15:12,5,44999
O0228,U0100,P0188,1,27-07-2024 10:24,5,3999
O0229,U0296,P0042,2,27-07-2024 18:33,4,398
O0230,U0423,P0106,1,28-07-2024 09:41,5,9999
O0231,U0186,P0142,1,29-07-2024 12:58,5,45999
O0232,U0346,P0096,1,30-07-2024 11:19,4,23999
O0233,U0267,P0124,1,30-07-2024 20:45,5,104999
O0234,U0410,P0175,1,31-07-2024 09:34,5,7999
O0235,U0150,P0058,1,01-08-2024 14:12,4,42999
O0236,U0206,P0147,1,02-08-2024 10:59,4,29999
O0237,U0092,P0015,1,03-08-2024 16:18,5,7999
O0238,U0451,P0032,1,03-08-2024 20:27,5,49999
O0239,U0330,P0169,2,04-08-2024 09:55,5,798
O0240,U0129,P0025,1,05-08-2024 11:43,4,38999
O0241,U0279,P0190,1,05-08-2024 18:25,5,5499
O0242,U0385,P0108,1,06-08-2024 09:13,5,56999
O0243,U0057,P0137,1,07-08-2024 14:36,4,2999
O0244,U0168,P0178,1,08-08-2024 12:44,5,24999
O0245,U0224,P0151,1,09-08-2024 09:16,4,1999
O0246,U0293,P0184,3,09-08-2024 19:27,5,897
O0247,U0119,P0095,1,10-08-2024 13:22,5,57999
O0248,U0360,P0159,1,11-08-2024 09:48,4,21999
O0249,U0404,P0069,1,11-08-2024 17:32,4,3499
O0250,U0081,P0003,1,12-08-2024 09:21,5,23999
O0251,U0189,P0070,1,13-08-2024 10:54,5,19999
O0252,U0315,P0180,1,14-08-2024 12:11,4,2999
O0253,U0109,P0041,1,15-08-2024 19:38,5,249
O0254,U0269,P0116,1,16-08-2024 09:25,5,129999
O0255,U0443,P0150,1,17-08-2024 14:47,4,52999
O0256,U0173,P0172,1,18-08-2024 11:36,5,2999
O0257,U0226,P0068,1,19-08-2024 10:03,5,2499
O0258,U0390,P0018,1,19-08-2024 20:59,4,62999
O0259,U0306,P0163,1,20-08-2024 09:31,5,749
O0260,U0136,P0132,1,20-08-2024 17:55,5,7999
O0261,U0210,P0087,1,21-08-2024 13:14,4,8999
O0262,U0099,P0148,1,22-08-2024 09:28,4,33999
O0263,U0270,P0186,1,22-08-2024 16:02,5,1899
O0264,U0429,P0006,1,23-08-2024 10:19,5,3999
O0265,U0332,P0119,1,23-08-2024 19:47,4,16999
O0266,U0058,P0044,2,24-08-2024 09:53,5,1998
O0267,U0367,P0155,1,25-08-2024 14:36,5,1599
O0268,U0122,P0192,1,26-08-2024 09:27,4,499
O0269,U0197,P0179,2,27-08-2024 12:33,5,998
O0270,U0450,P0020,1,28-08-2024 11:22,4,12999
O0271,U0107,P0140,1,29-08-2024 09:59,5,39999
O0272,U0222,P0035,1,30-08-2024 15:47,4,1999
O0273,U0289,P0158,1,31-08-2024 10:25,5,1499
O0274,U0415,P0185,1,01-09-2024 09:36,5,3499
O0275,U0179,P0094,1,01-09-2024 19:48,4,4999
O0276,U0251,P0166,1,02-09-2024 12:54,4,499
O0277,U0340,P0125,1,03-09-2024 11:07,5,96999
O0278,U0061,P0171,2,04-09-2024 09:19,5,2998
O0279,U0299,P0073,1,05-09-2024 13:21,4,1499
O0280,U0425,P0183,1,06-09-2024 10:42,5,2999
O0281,U0111,P0196,1,07-09-2024 09:11,4,299
O0282,U0372,P0047,1,07-09-2024 20:33,5,999
O0283,U0234,P0129,1,08-09-2024 15:19,4,35999
O0284,U0202,P0164,2,09-09-2024 09:44,5,398
O0285,U0089,P0010,1,10-09-2024 11:37,4,499
O0286,U0320,P0131,1,11-09-2024 09:12,5,2999
O0287,U0140,P0182,1,12-09-2024 10:41,5,5499
O0288,U0454,P0028,1,13-09-2024 12:28,4,9999
O0289,U0309,P0113,1,14-09-2024 09:22,4,21999
O0290,U0192,P0176,1,15-09-2024 10:18,5,699
O0291,U0128,P0195,1,16-09-2024 12:25,5,349
O0292,U0277,P0157,1,17-09-2024 09:14,4,6999
O0293,U0414,P0107,1,17-09-2024 19:52,5,57999
O0294,U0155,P0031,1,18-09-2024 11:43,4,45999
O0295,U0237,P0168,2,19-09-2024 09:32,5,398
O0296,U0090,P0009,1,20-09-2024 13:21,5,6499
O0297,U0387,P0181,1,21-09-2024 09:48,4,9999
O0298,U0169,P0139,1,22-09-2024 12:15,4,15999
O0299,U0228,P0194,1,23-09-2024 09:17,5,449
O0300,U0312,P0144,1,24-09-2024 18:54,5,61999
O0301,U0144,P0064,1,25-09-2024 09:15,5,24999
O0302,U0187,P0021,1,25-09-2024 18:37,4,5999
O0303,U0350,P0191,1,26-09-2024 09:42,5,399
O0304,U0098,P0077,2,27-09-2024 11:56,5,1798
O0305,U0417,P0154,1,27-09-2024 20:29,4,1799
O0306,U0274,P0086,1,28-09-2024 10:18,5,14999
O0307,U0113,P0012,1,29-09-2024 09:55,4,1999
O0308,U0204,P0199,1,29-09-2024 16:41,5,699
O0309,U0337,P0165,1,30-09-2024 12:21,4,149
O0310,U0442,P0049,1,01-10-2024 09:08,5,899
O0311,U0181,P0177,1,02-10-2024 11:14,5,1599
O0312,U0255,P0033,1,02-10-2024 20:17,4,2499
O0313,U0368,P0057,1,03-10-2024 13:12,5,48999
O0314,U0127,P0160,1,04-10-2024 09:33,4,3999
O0315,U0232,P0104,1,04-10-2024 17:25,5,12999
O0316,U0394,P0180,1,05-10-2024 09:42,5,2999
O0317,U0149,P0143,1,06-10-2024 11:28,4,41999
O0318,U0064,P0117,1,06-10-2024 19:14,5,64999
O0319,U0282,P0153,1,07-10-2024 09:48,4,2999
O0320,U0428,P0192,1,07-10-2024 15:21,5,499
O0321,U0176,P0098,1,08-10-2024 09:26,5,31999
O0322,U0300,P0167,1,09-10-2024 12:43,4,249
O0323,U0134,P0128,1,10-10-2024 10:38,5,15999
O0324,U0193,P0173,1,11-10-2024 09:31,5,2599
O0325,U0359,P0076,1,11-10-2024 20:47,4,3999
O0326,U0051,P0190,1,12-10-2024 11:36,4,5499
O0327,U0214,P0138,1,13-10-2024 09:29,5,12999
O0328,U0097,P0102,1,13-10-2024 18:56,5,49999
O0329,U0261,P0059,1,14-10-2024 09:17,4,19999
O0330,U0409,P0187,1,15-10-2024 14:42,5,4999
O0331,U0166,P0040,2,16-10-2024 09:38,5,1198
O0332,U0324,P0110,1,16-10-2024 20:26,4,16999
O0333,U0431,P0037,1,17-10-2024 10:44,5,5999
O0334,U0201,P0145,1,18-10-2024 09:52,4,31999
O0335,U0378,P0171,2,19-10-2024 12:39,5,2998
O0336,U0103,P0195,1,19-10-2024 19:25,5,349
O0337,U0259,P0083,1,20-10-2024 09:43,4,3999
O0338,U0126,P0169,1,20-10-2024 14:58,5,399
O0339,U0276,P0005,1,21-10-2024 09:21,5,10999
O0340,U0400,P0186,1,21-10-2024 18:47,4,1899
O0341,U0225,P0133,1,22-10-2024 09:08,5,6499
O0342,U0157,P0024,1,22-10-2024 15:44,5,1999
O0343,U0292,P0120,1,23-10-2024 10:38,4,13999
O0344,U0196,P0162,2,24-10-2024 09:49,5,898
O0345,U0363,P0017,1,25-10-2024 11:15,4,4499
O0346,U0141,P0199,1,26-10-2024 09:57,5,699
O0347,U0285,P0097,1,27-10-2024 12:33,5,27999
O0348,U0436,P0185,1,27-10-2024 19:42,4,3499
O0349,U0060,P0061,1,28-10-2024 10:19,5,2499
O0350,U0335,P0152,1,29-10-2024 09:23,4,2499
O0351,U0236,P0198,1,30-10-2024 11:47,5,549
O0352,U0118,P0045,1,31-10-2024 09:34,4,3499
O0353,U0308,P0126,1,01-11-2024 13:26,5,38999
O0354,U0413,P0174,1,01-11-2024 20:18,5,1999
O0355,U0184,P0007,1,02-11-2024 10:49,4,7499
O0356,U0272,P0164,2,03-11-2024 09:56,5,398
O0357,U0059,P0188,1,03-11-2024 19:21,4,3999
O0358,U0217,P0109,1,04-11-2024 11:11,5,29999
O0359,U0370,P0150,1,05-11-2024 09:13,5,52999
O0360,U0105,P0067,1,06-11-2024 10:42,4,10999
O0361,U0327,P0141,1,07-11-2024 09:24,4,34999
O0362,U0207,P0038,1,07-11-2024 20:18,5,25999
O0363,U0132,P0168,1,08-11-2024 09:47,5,349
O0364,U0420,P0099,1,09-11-2024 11:29,4,21999
O0365,U0151,P0172,1,10-11-2024 09:15,5,2999
O0366,U0298,P0118,1,11-11-2024 12:31,4,74999
O0367,U0095,P0029,1,12-11-2024 09:27,5,17999
O0368,U0264,P0197,1,12-11-2024 20:36,5,599
O0369,U0349,P0048,1,13-11-2024 09:53,4,4999
O0370,U0180,P0155,1,14-11-2024 11:36,4,1599
O0371,U0124,P0062,1,15-11-2024 09:28,5,6999
O0372,U0376,P0136,1,15-11-2024 18:22,5,3499
O0373,U0055,P0182,1,16-11-2024 10:44,4,5499
O0374,U0219,P0014,1,17-11-2024 09:59,5,2499
O0375,U0339,P0158,1,17-11-2024 20:48,5,1499
O0376,U0110,P0194,1,18-11-2024 09:46,4,449
O0377,U0288,P0072,1,19-11-2024 09:25,5,1999
O0378,U0411,P0161,1,20-11-2024 10:54,4,599
O0379,U0146,P0036,1,20-11-2024 20:19,5,6499
O0380,U0208,P0115,1,21-11-2024 09:32,5,84999
O0381,U0094,P0179,1,22-11-2024 12:11,4,499
O0382,U0352,P0022,1,22-11-2024 20:42,5,8999
O0383,U0172,P0189,1,23-11-2024 09:44,5,899
O0384,U0302,P0123,1,24-11-2024 09:56,4,21999
O0385,U0271,P0156,1,25-11-2024 09:39,5,3499
O0386,U0435,P0004,1,25-11-2024 18:47,5,8999
O0387,U0102,P0184,2,26-11-2024 09:26,4,598
O0388,U0238,P0134,1,27-11-2024 10:59,5,4499
O0389,U0406,P0163,1,27-11-2024 19:14,4,749
O0390,U0158,P0101,1,28-11-2024 09:23,5,58999
O0391,U0341,P0196,1,29-11-2024 09:57,5,299
O0392,U0220,P0175,1,29-11-2024 20:25,4,7999
O0393,U0069,P0065,1,30-11-2024 10:16,5,24999
O0394,U0316,P0043,1,01-12-2024 09:29,5,349
O0395,U0185,P0181,1,01-12-2024 19:41,4,9999
O0396,U0426,P0085,1,02-12-2024 10:33,4,12999
O0397,U0142,P0193,1,03-12-2024 09:52,5,399
O0398,U0362,P0112,1,03-12-2024 18:48,5,1999
O0399,U0125,P0146,1,04-12-2024 09:38,4,35999
O0400,U0213,P0056,1,05-12-2024 10:21,5,55999
O0401,U0182,P0023,1,06-12-2024 09:25,5,2999
O0402,U0356,P0170,2,06-12-2024 20:31,4,398
O0403,U0107,P0082,1,07-12-2024 10:15,5,69999
O0404,U0297,P0132,1,08-12-2024 09:56,4,7999
O0405,U0418,P0192,1,09-12-2024 09:42,5,499
O0406,U0163,P0015,1,10-12-2024 09:14,5,7999
O0407,U0228,P0183,1,10-12-2024 20:24,4,2999
O0408,U0086,P0055,1,11-12-2024 09:59,4,2299
O0409,U0372,P0103,1,12-12-2024 09:33,5,34999
O0410,U0250,P0180,1,12-12-2024 18:26,5,2999
O0411,U0140,P0068,1,13-12-2024 09:48,4,2499
O0412,U0191,P0195,1,14-12-2024 09:11,5,349
O0413,U0318,P0151,1,14-12-2024 20:43,4,1999
O0414,U0123,P0030,1,15-12-2024 09:32,5,899
O0415,U0399,P0176,1,16-12-2024 09:21,5,699
O0416,U0075,P0122,1,16-12-2024 18:42,4,21999
O0417,U0277,P0197,1,17-12-2024 09:35,5,599
O0418,U0114,P0047,1,18-12-2024 09:13,4,999
O0419,U0402,P0096,1,18-12-2024 20:49,5,23999
O0420,U0210,P0137,1,19-12-2024 09:44,5,2999
O0421,U0309,P0166,1,20-12-2024 09:19,4,499
O0422,U0092,P0019,1,20-12-2024 18:57,5,99999
O0423,U0265,P0071,1,21-12-2024 09:29,4,34999
O0424,U0354,P0188,1,22-12-2024 09:15,5,3999
O0425,U0197,P0148,1,22-12-2024 19:42,4,33999
O0426,U0080,P0039,1,23-12-2024 09:34,5,29999
O0427,U0170,P0161,2,24-12-2024 09:53,4,1198
O0428,U0325,P0027,1,24-12-2024 20:36,5,11999
O0429,U0202,P0186,1,25-12-2024 09:47,5,1899
O0430,U0136,P0149,1,26-12-2024 09:21,4,47999
O0431,U0415,P0069,1,26-12-2024 18:49,5,3499
O0432,U0242,P0178,1,27-12-2024 09:57,5,24999
O0433,U0150,P0157,1,28-12-2024 09:11,4,6999
O0434,U0289,P0106,1,28-12-2024 19:58,5,9999
O0435,U0056,P0199,1,29-12-2024 09:35,4,699
O0436,U0374,P0127,1,30-12-2024 09:12,5,28999
O0437,U0161,P0162,1,30-12-2024 20:44,5,449
O0438,U0089,P0081,1,31-12-2024 09:27,4,42999
O0439,U0295,P0179,1,01-01-2025 09:55,5,499
O0440,U0100,P0010,2,01-01-2025 20:17,4,998
O0441,U0257,P0144,1,02-01-2025 09:49,5,41999
O0442,U0396,P0155,1,03-01-2025 09:33,4,1599
O0443,U0218,P0119,1,03-01-2025 19:47,5,16999
O0444,U0062,P0175,1,04-01-2025 09:21,4,7999
O0445,U0344,P0196,1,05-01-2025 09:14,5,299
O0446,U0189,P0051,1,05-01-2025 18:55,5,45999
O0447,U0304,P0025,1,06-01-2025 09:32,4,38999
O0448,U0129,P0163,1,07-01-2025 09:44,5,749
O0449,U0286,P0079,1,08-01-2025 09:26,5,3499
O0450,U0412,P0129,1,08-01-2025 20:12,4,35999
O0451,U0156,P0185,1,09-01-2025 09:37,5,3499
O0452,U0099,P0142,1,10-01-2025 09:15,4,45999
O0453,U0223,P0168,1,11-01-2025 09:58,5,349
O0454,U0358,P0090,1,11-01-2025 19:43,5,1299
O0455,U0179,P0156,1,12-01-2025 09:49,4,3499
O0456,U0111,P0046,1,13-01-2025 09:29,5,7999
O0457,U0247,P0194,1,14-01-2025 09:17,4,449
O0458,U0306,P0089,1,14-01-2025 20:55,5,54999
O0459,U0130,P0028,1,15-01-2025 09:39,5,9999
O0460,U0408,P0189,1,16-01-2025 09:14,4,899
O0461,U0199,P0031,1,17-01-2025 09:28,5,45999
O0462,U0279,P0135,1,17-01-2025 20:19,5,6499
O0463,U0077,P0160,1,18-01-2025 09:43,4,3999
O0464,U0321,P0198,1,19-01-2025 09:36,5,549
O0465,U0109,P0108,1,20-01-2025 09:29,5,56999
O0466,U0269,P0147,1,20-01-2025 19:41,4,29999
O0467,U0186,P0172,1,21-01-2025 09:52,4,2999
O0468,U0234,P0063,1,22-01-2025 09:41,5,8999
O0469,U0355,P0164,2,22-01-2025 20:24,5,398
O0470,U0122,P0111,1,23-01-2025 09:28,4,39999
O0471,U0284,P0193,1,24-01-2025 09:57,5,399
O0472,U0404,P0075,1,25-01-2025 09:33,4,1799
O0473,U0169,P0159,1,25-01-2025 20:18,5,999
O0474,U0091,P0095,1,26-01-2025 09:15,5,57999
O0475,U0245,P0187,1,27-01-2025 09:36,4,4999
O0476,U0369,P0124,1,28-01-2025 09:29,5,104999
O0477,U0138,P0177,1,28-01-2025 18:47,5,1599
O0478,U0290,P0003,1,29-01-2025 09:23,4,23999
O0479,U0058,P0165,1,30-01-2025 09:49,5,149
O0480,U0332,P0139,1,30-01-2025 20:42,5,15999
O0481,U0174,P0191,1,31-01-2025 09:35,4,399
O0482,U0116,P0053,1,01-02-2025 09:57,5,1999
O0483,U0301,P0169,1,01-02-2025 18:36,4,399
O0484,U0226,P0091,1,02-02-2025 09:27,5,3999
O0485,U0379,P0178,1,03-02-2025 09:44,5,24999
O0486,U0087,P0154,1,04-02-2025 09:59,4,1799
O0487,U0270,P0125,1,04-02-2025 20:23,5,96999
O0488,U0190,P0184,1,05-02-2025 09:28,5,299
O0489,U0340,P0107,1,06-02-2025 09:21,4,57999
O0490,U0071,P0170,1,07-02-2025 09:15,5,199
O0491,U0253,P0058,1,07-02-2025 19:47,4,42999
O0492,U0145,P0190,1,08-02-2025 09:48,5,5499
O0493,U0388,P0114,1,09-02-2025 09:26,5,62999
O0494,U0164,P0166,1,09-02-2025 20:33,4,499
O0495,U0212,P0060,1,10-02-2025 09:31,5,2999
O0496,U0307,P0196,1,11-02-2025 09:55,4,299
O0497,U0120,P0026,1,11-02-2025 20:13,5,1299
O0498,U0267,P0087,1,12-02-2025 09:49,5,8999
O0499,U0093,P0173,1,13-02-2025 09:32,4,2599
O0500,U0419,P0152,1,14-02-2025 09:15,5,2499
O0501,U0224,P0131,1,15-02-2025 09:31,5,2999
O0502,U0406,P0077,2,15-02-2025 20:42,4,1798
O0503,U0195,P0041,3,16-02-2025 09:12,5,747
O0504,U0371,P0181,1,17-02-2025 09:25,4,9999
O0505,U0139,P0123,1,17-02-2025 19:44,5,39999
O0506,U0260,P0167,1,18-02-2025 09:53,5,249
O0507,U0088,P0093,1,19-02-2025 09:39,4,8999
O0508,U0312,P0174,1,19-02-2025 20:15,5,1999
O0509,U0177,P0158,1,20-02-2025 09:26,4,1499
O0510,U0119,P0146,1,21-02-2025 09:14,5,35999
O0511,U0240,P0199,1,21-02-2025 18:59,5,699
O0512,U0337,P0116,1,22-02-2025 09:41,4,129999
O0513,U0097,P0017,1,23-02-2025 09:57,5,4499
O0514,U0299,P0171,1,23-02-2025 20:42,4,1499
O0515,U0214,P0086,1,24-02-2025 09:33,5,14999
O0516,U0359,P0141,1,25-02-2025 09:26,4,34999
O0517,U0068,P0180,1,25-02-2025 20:49,5,2999
O0518,U0394,P0067,1,26-02-2025 09:11,4,10999
O0519,U0188,P0198,1,27-02-2025 09:43,5,549
O0520,U0256,P0104,1,27-02-2025 18:58,5,12999
O0521,U0133,P0150,1,28-02-2025 09:19,4,52999
O0522,U0079,P0037,1,01-03-2025 09:55,5,5999
O0523,U0316,P0165,2,01-03-2025 20:12,5,298
O0524,U0105,P0098,1,02-03-2025 09:48,4,31999
O0525,U0409,P0177,1,03-03-2025 09:23,5,1599
O0526,U0147,P0052,1,03-03-2025 19:31,4,2499
O0527,U0263,P0121,1,04-03-2025 09:29,5,29999
O0528,U0090,P0194,1,05-03-2025 09:47,5,449
O0529,U0339,P0112,1,05-03-2025 20:34,4,42999
O0530,U0204,P0182,1,06-03-2025 09:31,5,5499
O0531,U0376,P0153,1,07-03-2025 09:15,4,2999
O0532,U0155,P0140,1,07-03-2025 18:51,5,39999
O0533,U0274,P0160,1,08-03-2025 09:44,4,3999
O0534,U0084,P0197,1,09-03-2025 09:59,5,599
O0535,U0308,P0065,1,09-03-2025 20:41,5,24999
O0536,U0128,P0172,1,10-03-2025 09:16,4,2999
O0537,U0410,P0038,1,11-03-2025 09:53,5,25999
O0538,U0171,P0187,1,11-03-2025 19:46,4,4999
O0539,U0258,P0134,1,12-03-2025 09:36,5,4499
O0540,U0094,P0100,1,13-03-2025 09:25,5,24999
O0541,U0342,P0190,1,13-03-2025 20:59,4,5499
O0542,U0113,P0056,1,14-03-2025 09:12,5,55999
O0543,U0208,P0166,1,15-03-2025 09:45,4,499
O0544,U0365,P0097,1,15-03-2025 20:21,5,27999
O0545,U0148,P0192,1,16-03-2025 09:57,5,499
O0546,U0281,P0070,1,17-03-2025 09:36,4,19999
O0547,U0073,P0185,1,18-03-2025 09:14,5,3499
O0548,U0238,P0128,1,18-03-2025 20:47,4,15999
O0549,U0159,P0169,1,19-03-2025 09:27,5,399
O0550,U0385,P0080,1,20-03-2025 09:13,5,1599
O0551,U0196,P0154,1,20-03-2025 20:29,4,1799
O0552,U0293,P0045,1,21-03-2025 09:32,5,3499
O0553,U0108,P0196,1,22-03-2025 09:59,5,299
O0554,U0335,P0101,1,22-03-2025 19:58,4,58999
O0555,U0220,P0179,2,23-03-2025 09:23,4,998
O0556,U0069,P0022,1,24-03-2025 09:49,5,8999
O0557,U0302,P0163,1,25-03-2025 09:31,5,749
O0558,U0117,P0130,1,25-03-2025 18:42,4,44999
O0559,U0276,P0189,1,26-03-2025 09:12,5,899
O0560,U0081,P0074,1,27-03-2025 09:57,5,2599
O0561,U0360,P0118,1,27-03-2025 19:35,4,74999
O0562,U0141,P0191,1,28-03-2025 09:42,5,399
O0563,U0232,P0062,1,29-03-2025 09:14,5,6999
O0564,U0350,P0151,1,29-03-2025 20:41,4,1999
O0565,U0185,P0120,1,30-03-2025 09:18,5,13999
O0566,U0401,P0176,1,31-03-2025 09:29,5,699
O0567,U0095,P0048,1,31-03-2025 18:46,4,4999
O0568,U0282,P0133,1,01-04-2025 09:35,5,6499
O0569,U0125,P0102,1,02-04-2025 09:28,5,49999
O0570,U0310,P0175,1,02-04-2025 20:19,4,7999
O0571,U0200,P0057,1,03-04-2025 09:42,5,48999
O0572,U0346,P0168,1,04-04-2025 09:51,4,349
O0573,U0110,P0099,1,04-04-2025 18:33,5,21999
O0574,U0268,P0183,1,05-04-2025 09:16,4,2999
O0575,U0085,P0138,1,06-04-2025 09:58,5,12999
O0576,U0378,P0152,1,07-04-2025 09:33,4,2499
O0577,U0162,P0029,1,07-04-2025 20:42,5,17999
O0578,U0243,P0195,1,08-04-2025 09:19,5,349
O0579,U0060,P0110,1,09-04-2025 09:44,4,16999
O0580,U0391,P0170,2,09-04-2025 20:31,5,398
O0581,U0132,P0054,1,10-04-2025 09:29,4,3599
O0582,U0298,P0126,1,11-04-2025 09:36,5,38999
O0583,U0192,P0167,1,11-04-2025 19:43,5,249
O0584,U0278,P0076,1,12-04-2025 09:47,4,3999
O0585,U0104,P0193,1,13-04-2025 09:57,5,399
O0586,U0315,P0105,1,13-04-2025 18:51,5,28999
O0587,U0219,P0178,1,14-04-2025 09:18,4,24999
O0588,U0349,P0164,1,15-04-2025 09:41,5,199
O0589,U0157,P0085,1,15-04-2025 20:39,4,12999
O0590,U0074,P0020,1,16-04-2025 09:26,5,12999
O0591,U0368,P0186,1,17-04-2025 09:14,5,1899
O0592,U0183,P0143,1,18-04-2025 09:48,4,41999
O0593,U0255,P0162,1,18-04-2025 19:54,5,449
O0594,U0144,P0094,1,19-04-2025 09:37,5,4999
O0595,U0300,P0171,1,20-04-2025 09:12,4,1499
O0596,U0115,P0122,1,20-04-2025 20:57,5,21999
O0597,U0287,P0161,1,21-04-2025 09:28,4,599
O0598,U0405,P0059,1,22-04-2025 09:51,5,19999
O0599,U0209,P0173,1,23-04-2025 09:14,5,2599
O0600,U0330,P0136,1,23-04-2025 19:47,4,3499
O0601,U0165,P0124,1,24-04-2025 09:19,5,104999
O0602,U0382,P0188,1,25-04-2025 09:46,4,3999
O0603,U0099,P0107,1,26-04-2025 09:37,5,57999
O0604,U0271,P0168,2,26-04-2025 20:59,5,698
O0605,U0120,P0068,1,27-04-2025 09:25,4,2499
O0606,U0341,P0199,1,28-04-2025 09:12,5,699
O0607,U0189,P0079,1,28-04-2025 19:58,4,3499
O0608,U0253,P0165,1,29-04-2025 09:43,5,149
O0609,U0118,P0132,1,30-04-2025 09:31,5,7999
O0610,U0292,P0159,1,30-04-2025 18:55,4,999
O0611,U0142,P0096,1,01-05-2025 09:29,5,23999
O0612,U0369,P0184,1,02-05-2025 09:42,5,299
O0613,U0201,P0025,1,02-05-2025 19:33,4,38999
O0614,U0374,P0176,1,03-05-2025 09:48,5,699
O0615,U0153,P0058,1,04-05-2025 09:36,4,42999
O0616,U0327,P0193,1,05-05-2025 09:14,5,399
O0617,U0092,P0117,1,05-05-2025 19:41,5,64999
O0618,U0245,P0160,1,06-05-2025 09:24,4,3999
O0619,U0136,P0087,1,07-05-2025 09:57,5,8999
O0620,U0275,P0195,1,07-05-2025 18:49,5,349
O0621,U0356,P0108,1,08-05-2025 09:31,4,56999
O0622,U0170,P0169,1,09-05-2025 09:46,5,399
O0623,U0212,P0135,1,09-05-2025 20:15,5,6499
O0624,U0309,P0181,1,10-05-2025 09:22,4,9999
O0625,U0089,P0050,1,11-05-2025 09:19,5,799
O0626,U0332,P0129,1,11-05-2025 18:53,5,35999
O0627,U0107,P0178,1,12-05-2025 09:32,4,24999
O0628,U0234,P0194,1,13-05-2025 09:49,5,449
O0629,U0372,P0095,1,13-05-2025 19:38,5,57999
O0630,U0150,P0162,1,14-05-2025 09:56,4,449
O0631,U0297,P0088,1,15-05-2025 09:27,5,38999
O0632,U0123,P0197,1,16-05-2025 09:15,5,599
O0633,U0348,P0115,1,16-05-2025 20:33,4,84999
O0634,U0191,P0164,1,17-05-2025 09:43,5,199
O0635,U0261,P0078,1,18-05-2025 09:26,5,4299
O0636,U0146,P0179,2,18-05-2025 19:52,4,998
O0637,U0227,P0035,1,19-05-2025 09:17,5,1999
O0638,U0389,P0151,1,20-05-2025 09:29,5,1999
O0639,U0093,P0060,1,21-05-2025 09:38,4,2999
O0640,U0289,P0198,1,21-05-2025 18:59,5,549
O0641,U0114,P0127,1,22-05-2025 09:46,4,28999
O0642,U0318,P0166,1,23-05-2025 09:21,5,499
O0643,U0179,P0139,1,24-05-2025 09:53,5,15999
O0644,U0251,P0186,1,24-05-2025 20:44,4,1899
O0645,U0137,P0090,1,25-05-2025 09:12,5,1299
O0646,U0367,P0172,1,26-05-2025 09:31,5,2999
O0647,U0206,P0044,1,26-05-2025 19:18,4,999
O0648,U0295,P0103,1,27-05-2025 09:29,5,34999
O0649,U0126,P0167,1,28-05-2025 09:58,5,249
O0650,U0334,P0142,1,28-05-2025 20:31,4,45999
O0651,U0194,P0174,1,29-05-2025 09:41,5,1999
O0652,U0249,P0055,1,30-05-2025 09:13,5,2299
O0653,U0158,P0137,1,30-05-2025 20:46,4,2999
O0654,U0285,P0196,1,31-05-2025 09:49,5,299
O0655,U0106,P0111,1,01-06-2025 09:21,5,39999
O0656,U0358,P0163,1,02-06-2025 09:37,4,749
O0657,U0180,P0148,1,02-06-2025 19:56,5,33999
O0658,U0229,P0192,1,03-06-2025 09:18,5,499
O0659,U0087,P0071,1,04-06-2025 09:31,4,34999
O0660,U0313,P0161,1,04-06-2025 18:49,5,599
O0661,U0140,P0109,1,05-06-2025 09:14,5,29999
O0662,U0265,P0183,1,06-06-2025 09:46,4,2999
O0663,U0098,P0190,1,06-06-2025 20:23,5,5499
O0664,U0231,P0066,1,07-06-2025 09:34,5,18999
O0665,U0377,P0177,1,08-06-2025 09:11,4,1599
O0666,U0168,P0125,1,08-06-2025 20:47,5,96999
O0667,U0216,P0168,2,09-06-2025 09:22,5,698
O0668,U0343,P0131,1,10-06-2025 09:59,4,2999
O0669,U0121,P0199,1,10-06-2025 18:58,5,699
O0670,U0272,P0106,1,11-06-2025 09:41,4,9999
O0671,U0184,P0173,1,12-06-2025 09:15,5,2599
O0672,U0257,P0144,1,12-06-2025 20:51,5,41999
O0673,U0101,P0160,1,13-06-2025 09:17,4,3999
O0674,U0324,P0191,1,14-06-2025 09:33,5,399
O0675,U0156,P0084,1,14-06-2025 18:42,5,2499
O0676,U0286,P0149,1,15-06-2025 09:29,4,47999
O0677,U0112,P0165,1,16-06-2025 09:14,5,149
O0678,U0353,P0138,1,16-06-2025 20:22,5,12999
O0679,U0190,P0091,1,17-06-2025 09:42,4,3999
O0680,U0242,P0189,1,18-06-2025 09:27,5,899
O0681,U0161,P0100,1,18-06-2025 19:31,5,24999
O0682,U0291,P0166,1,19-06-2025 09:58,4,499
O0683,U0135,P0130,1,20-06-2025 09:19,5,44999
O0684,U0373,P0175,1,20-06-2025 18:57,4,7999
O0685,U0205,P0180,1,21-06-2025 09:39,5,2999
O0686,U0331,P0167,2,22-06-2025 09:23,5,498
O0687,U0091,P0123,1,22-06-2025 19:45,4,39999
O0688,U0284,P0195,1,23-06-2025 09:47,5,349
O0689,U0149,P0092,1,24-06-2025 09:29,5,5999
O0690,U0364,P0170,1,25-06-2025 09:11,4,199
O0691,U0218,P0082,1,25-06-2025 20:14,5,69999
O0692,U0322,P0169,1,26-06-2025 09:54,4,399
O0693,U0102,P0133,1,27-06-2025 09:31,5,6499
O0694,U0279,P0185,1,27-06-2025 18:53,5,3499
O0695,U0163,P0102,1,28-06-2025 09:19,4,49999
O0696,U0237,P0171,1,29-06-2025 09:46,5,1499
O0697,U0129,P0049,1,30-06-2025 09:37,5,899
O0698,U0347,P0134,1,30-06-2025 20:32,4,4499
O0699,U0198,P0105,1,01-07-2025 09:27,5,28999
O0700,U0254,P0178,1,02-07-2025 09:15,4,24999
O0701,U0187,P0140,1,02-07-2025 20:22,5,39999
O0702,U0337,P0177,1,03-07-2025 09:31,4,1599
O0703,U0116,P0119,1,04-07-2025 09:14,5,16999
O0704,U0274,P0184,2,04-07-2025 20:09,5,598
O0705,U0130,P0098,1,05-07-2025 09:47,4,31999
O0706,U0361,P0162,1,06-07-2025 09:29,5,449
O0707,U0197,P0072,1,06-07-2025 19:58,5,1999
O0708,U0250,P0191,1,07-07-2025 09:38,4,399
O0709,U0143,P0113,1,08-07-2025 09:22,5,21999
O0710,U0328,P0165,1,08-07-2025 18:57,5,149
O0711,U0095,P0080,1,09-07-2025 09:13,4,1599
O0712,U0304,P0190,1,10-07-2025 09:49,5,5499
O0713,U0155,P0061,1,10-07-2025 20:12,5,2499
O0714,U0298,P0173,1,11-07-2025 09:28,4,2599
O0715,U0100,P0132,1,12-07-2025 09:41,5,7999
O0716,U0239,P0168,1,12-07-2025 20:16,5,349
O0717,U0384,P0099,1,13-07-2025 09:34,4,21999
O0718,U0162,P0195,1,14-07-2025 09:59,5,349
O0719,U0204,P0053,1,14-07-2025 18:42,5,1999
O0720,U0351,P0182,1,15-07-2025 09:48,4,5499
O0721,U0128,P0104,1,16-07-2025 09:25,5,12999
O0722,U0278,P0166,1,16-07-2025 20:07,5,499
O0723,U0195,P0122,1,17-07-2025 09:46,4,21999
O0724,U0311,P0174,1,18-07-2025 09:14,5,1999
O0725,U0145,P0085,1,18-07-2025 19:49,5,12999
O0726,U0211,P0198,1,19-07-2025 09:36,4,549
O0727,U0330,P0101,1,20-07-2025 09:18,5,58999
O0728,U0108,P0167,2,20-07-2025 20:12,5,498
O0729,U0244,P0093,1,21-07-2025 09:33,4,8999
O0730,U0177,P0139,1,22-07-2025 09:12,5,15999
O0731,U0366,P0187,1,22-07-2025 20:21,5,4999
O0732,U0134,P0063,1,23-07-2025 09:29,4,8999
O0733,U0290,P0192,1,24-07-2025 09:47,5,499
O0734,U0111,P0126,1,25-07-2025 09:58,5,38999
O0735,U0345,P0169,1,25-07-2025 20:09,4,399
O0736,U0209,P0135,1,26-07-2025 09:41,5,6499
O0737,U0268,P0180,1,27-07-2025 09:13,5,2999
O0738,U0159,P0108,1,28-07-2025 09:59,4,56999
O0739,U0370,P0170,1,28-07-2025 19:25,5,199
O0740,U0094,P0083,1,29-07-2025 09:47,5,3999
O0741,U0317,P0197,1,30-07-2025 09:33,4,599
O0742,U0185,P0112,1,30-07-2025 20:28,5,42999
O0743,U0236,P0163,1,31-07-2025 09:22,5,749
O0744,U0125,P0145,1,01-08-2025 09:51,4,31999
O0745,U0302,P0172,1,01-08-2025 19:34,5,2999
O0746,U0141,P0097,1,02-08-2025 09:28,5,27999
O0747,U0214,P0164,1,03-08-2025 09:12,4,199
O0748,U0340,P0133,1,03-08-2025 20:16,5,6499
O0749,U0169,P0189,1,04-08-2025 09:35,5,899
O0750,U0277,P0121,1,05-08-2025 09:46,4,29999
O0751,U0105,P0160,1,05-08-2025 20:33,5,3999
O0752,U0259,P0196,1,06-08-2025 09:19,5,299
O0753,U0199,P0070,1,07-08-2025 09:54,4,19999
O0754,U0338,P0179,2,07-08-2025 20:07,5,998
O0755,U0122,P0141,1,08-08-2025 09:31,5,34999
O0756,U0296,P0161,1,09-08-2025 09:44,4,599
O0757,U0148,P0094,1,09-08-2025 20:11,5,4999
O0758,U0379,P0186,1,10-08-2025 09:29,5,1899
O0759,U0151,P0110,1,11-08-2025 09:41,4,16999
O0760,U0308,P0166,1,11-08-2025 20:23,5,499
O0761,U0139,P0137,1,12-08-2025 09:58,5,2999
O0762,U0267,P0199,1,13-08-2025 09:26,4,699
O0763,U0207,P0105,1,13-08-2025 20:32,5,28999
O0764,U0319,P0168,1,14-08-2025 09:14,5,349
O0765,U0110,P0128,1,15-08-2025 09:29,4,15999
O0766,U0349,P0175,1,15-08-2025 20:47,5,7999
O0767,U0188,P0089,1,16-08-2025 09:54,5,54999
O0768,U0252,P0162,1,17-08-2025 09:43,4,449
O0769,U0166,P0130,1,17-08-2025 20:36,5,44999
O0770,U0287,P0176,1,18-08-2025 09:58,5,699
O0771,U0104,P0193,1,19-08-2025 09:24,4,399
O0772,U0336,P0116,1,20-08-2025 09:39,5,129999
O0773,U0154,P0169,1,20-08-2025 20:18,5,399
O0774,U0226,P0136,1,21-08-2025 09:13,4,3499
O0775,U0378,P0188,1,22-08-2025 09:47,5,3999
O0776,U0131,P0107,1,22-08-2025 19:56,5,57999
O0777,U0299,P0164,1,23-08-2025 09:26,4,199
O0778,U0115,P0131,1,24-08-2025 09:12,5,2999
O0779,U0346,P0183,1,24-08-2025 20:15,5,2999
O0780,U0193,P0092,1,25-08-2025 09:44,4,5999
O0781,U0305,P0161,1,26-08-2025 09:19,5,599
O0782,U0147,P0120,1,26-08-2025 20:11,5,13999
O0783,U0219,P0177,1,27-08-2025 09:36,4,1599
O0784,U0365,P0194,1,28-08-2025 09:51,5,449
O0785,U0127,P0103,1,28-08-2025 20:39,5,34999
O0786,U0270,P0167,2,29-08-2025 09:43,4,498
O0787,U0181,P0147,1,30-08-2025 09:22,5,29999
O0788,U0256,P0192,1,30-08-2025 19:54,5,499
O0789,U0160,P0091,1,31-08-2025 09:15,4,3999
O0790,U0339,P0171,1,01-09-2025 09:47,5,1499
O0791,U0119,P0138,1,01-09-2025 20:25,5,12999
O0792,U0306,P0165,1,02-09-2025 09:34,4,149
O0793,U0192,P0086,1,03-09-2025 09:41,5,14999
O0794,U0273,P0197,1,03-09-2025 20:18,5,599
O0795,U0138,P0109,1,04-09-2025 09:29,4,29999
O0796,U0315,P0163,1,05-09-2025 09:13,5,749
O0797,U0157,P0134,1,05-09-2025 19:42,5,4499
O0798,U0288,P0172,1,06-09-2025 09:21,4,2999
O0799,U0109,P0124,1,07-09-2025 09:59,5,104999
O0800,U0344,P0160,1,07-09-2025 20:14,5,3999
O0801,U0176,P0111,1,08-09-2025 09:23,5,39999
O0802,U0324,P0179,2,08-09-2025 20:11,4,998
O0803,U0106,P0090,1,09-09-2025 09:37,5,1299
O0804,U0279,P0184,1,10-09-2025 09:15,5,299
O0805,U0133,P0102,1,10-09-2025 20:43,4,49999
O0806,U0208,P0166,1,11-09-2025 09:28,5,499
O0807,U0341,P0139,1,11-09-2025 19:59,5,15999
O0808,U0117,P0198,1,12-09-2025 09:22,4,549
O0809,U0309,P0161,1,13-09-2025 09:55,5,599
O0810,U0149,P0078,1,13-09-2025 20:34,5,4299
O0811,U0257,P0186,1,14-09-2025 09:41,4,1899
O0812,U0189,P0095,1,15-09-2025 09:12,5,57999
O0813,U0320,P0173,1,15-09-2025 20:47,5,2599
O0814,U0124,P0135,1,16-09-2025 09:35,4,6499
O0815,U0280,P0162,1,17-09-2025 09:23,5,449
O0816,U0198,P0129,1,17-09-2025 20:29,5,35999
O0817,U0313,P0171,1,18-09-2025 09:52,4,1499
O0818,U0142,P0133,1,19-09-2025 09:37,5,6499
O0819,U0216,P0194,1,19-09-2025 20:21,5,449
O0820,U0334,P0106,1,20-09-2025 09:33,4,9999
O0821,U0114,P0167,1,21-09-2025 09:46,5,249
O0822,U0297,P0190,1,21-09-2025 20:58,5,5499
O0823,U0153,P0123,1,22-09-2025 09:14,4,39999
O0824,U0248,P0185,1,23-09-2025 09:56,5,3499
O0825,U0174,P0107,1,23-09-2025 20:36,5,57999
O0826,U0354,P0164,2,24-09-2025 09:22,4,398
O0827,U0137,P0131,1,25-09-2025 09:47,5,2999
O0828,U0263,P0180,1,25-09-2025 20:44,5,2999
O0829,U0103,P0099,1,26-09-2025 09:33,4,21999
O0830,U0326,P0177,1,27-09-2025 09:26,5,1599
O0831,U0186,P0138,1,27-09-2025 20:55,5,12999
O0832,U0233,P0168,1,28-09-2025 09:52,4,349
O0833,U0152,P0125,1,29-09-2025 09:14,5,96999
O0834,U0294,P0182,1,29-09-2025 20:39,5,5499
O0835,U0118,P0172,1,30-09-2025 09:37,4,2999
O0836,U0348,P0137,1,01-10-2025 09:29,5,2999
O0837,U0206,P0192,1,01-10-2025 20:42,5,499
O0838,U0161,P0105,1,02-10-2025 09:45,4,28999
O0839,U0254,P0163,1,03-10-2025 09:26,5,749
O0840,U0132,P0127,1,03-10-2025 20:15,5,28999
O0841,U0318,P0174,1,04-10-2025 09:33,4,1999
O0842,U0107,P0144,1,05-10-2025 09:59,5,41999
O0843,U0221,P0166,1,05-10-2025 20:23,5,499
O0844,U0356,P0130,1,06-10-2025 09:41,4,44999
O0845,U0171,P0199,1,07-10-2025 09:47,5,699
O0846,U0286,P0176,1,07-10-2025 20:33,5,699
O0847,U0123,P0117,1,08-10-2025 09:26,4,64999
O0848,U0307,P0169,1,09-10-2025 09:59,5,399
O0849,U0190,P0149,1,09-10-2025 20:42,5,47999
O0850,U0333,P0178,1,10-10-2025 09:21,4,24999
O0851,U0144,P0122,1,11-10-2025 09:49,5,21999
O0852,U0258,P0160,1,11-10-2025 20:28,5,3999
O0853,U0102,P0188,1,12-10-2025 09:33,4,3999
O0854,U0310,P0196,1,13-10-2025 09:17,5,299
O0855,U0165,P0115,1,13-10-2025 20:19,5,84999
O0856,U0295,P0165,1,14-10-2025 09:46,4,149
O0857,U0120,P0132,1,15-10-2025 09:12,5,7999
O0858,U0350,P0170,1,15-10-2025 20:57,5,199
O0859,U0180,P0091,1,16-10-2025 09:48,4,3999
O0860,U0230,P0167,1,17-10-2025 09:59,5,249
O0861,U0146,P0128,1,17-10-2025 20:29,5,15999
O0862,U0271,P0175,1,18-10-2025 09:26,4,7999
O0863,U0113,P0096,1,19-10-2025 09:58,5,23999
O0864,U0327,P0162,1,19-10-2025 20:21,5,449
O0865,U0158,P0136,1,20-10-2025 09:33,4,3499
O0866,U0202,P0187,1,21-10-2025 09:41,5,4999
O0867,U0283,P0179,1,21-10-2025 20:36,5,499
O0868,U0136,P0109,1,22-10-2025 09:24,4,29999
O0869,U0314,P0164,1,23-10-2025 09:49,5,199
O0870,U0101,P0120,1,23-10-2025 20:12,5,13999
O0871,U0269,P0181,1,24-10-2025 09:18,4,9999
O0872,U0191,P0161,1,25-10-2025 09:37,5,599
O0873,U0331,P0139,1,25-10-2025 20:43,5,15999
O0874,U0112,P0094,1,26-10-2025 09:31,4,4999
O0875,U0275,P0172,1,27-10-2025 09:12,5,2999
O0876,U0140,P0138,1,27-10-2025 20:47,5,12999
O0877,U0237,P0169,1,28-10-2025 09:26,4,399
O0878,U0172,P0121,1,29-10-2025 09:55,5,29999
O0879,U0353,P0183,1,29-10-2025 20:17,5,2999
O0880,U0121,P0104,1,30-10-2025 09:48,4,12999
O0881,U0285,P0160,1,31-10-2025 09:39,5,3999
O0882,U0184,P0195,1,31-10-2025 20:56,5,349
O0883,U0322,P0114,1,01-11-2025 09:27,4,62999
O0884,U0108,P0167,1,02-11-2025 09:13,5,249
O0885,U0261,P0189,1,02-11-2025 20:31,5,899
O0886,U0168,P0126,1,03-11-2025 09:52,4,38999
O0887,U0301,P0178,1,04-11-2025 09:25,5,24999
O0888,U0135,P0163,1,04-11-2025 20:42,5,749
O0889,U0194,P0134,1,05-11-2025 09:38,4,4499
O0890,U0246,P0197,1,06-11-2025 09:44,5,599
O0891,U0150,P0100,1,06-11-2025 20:33,5,24999
O0892,U0329,P0165,1,07-11-2025 09:19,4,149
O0893,U0116,P0131,1,08-11-2025 09:26,5,2999
O0894,U0282,P0176,1,08-11-2025 20:55,5,699
O0895,U0170,P0092,1,09-11-2025 09:23,4,5999
O0896,U0335,P0164,1,10-11-2025 09:59,5,199
O0897,U0129,P0129,1,10-11-2025 20:29,5,35999
O0898,U0255,P0182,1,11-11-2025 09:32,4,5499
O0899,U0196,P0166,1,12-11-2025 09:48,5,499
O0900,U0312,P0199,1,12-11-2025 20:12,5,699
O0901,U0177,P0141,1,13-11-2025 09:21,5,34999
O0902,U0328,P0169,1,13-11-2025 20:36,4,399
O0903,U0105,P0137,1,14-11-2025 09:29,5,2999
O0904,U0278,P0186,1,15-11-2025 09:52,5,1899
O0905,U0148,P0108,1,15-11-2025 20:11,4,56999
O0906,U0210,P0168,1,16-11-2025 09:27,5,349
O0907,U0342,P0136,1,16-11-2025 20:59,5,3499
O0908,U0119,P0193,1,17-11-2025 09:44,4,399
O0909,U0308,P0162,1,18-11-2025 09:17,5,449
O0910,U0147,P0079,1,18-11-2025 20:53,5,3499
O0911,U0259,P0181,1,19-11-2025 09:36,4,9999
O0912,U0192,P0097,1,20-11-2025 09:12,5,27999
O0913,U0321,P0175,1,20-11-2025 20:34,5,7999
O0914,U0126,P0132,1,21-11-2025 09:49,4,7999
O0915,U0281,P0164,1,22-11-2025 09:22,5,199
O0916,U0201,P0135,1,22-11-2025 20:44,5,6499
O0917,U0315,P0191,1,23-11-2025 09:58,4,399
O0918,U0155,P0130,1,24-11-2025 09:23,5,44999
O0919,U0220,P0160,1,24-11-2025 20:55,5,3999
O0920,U0355,P0116,1,25-11-2025 09:26,4,129999
O0921,U0138,P0167,1,26-11-2025 09:38,5,249
O0922,U0264,P0184,1,26-11-2025 20:15,5,299
O0923,U0104,P0112,1,27-11-2025 09:14,4,1999
O0924,U0325,P0165,1,28-11-2025 09:41,5,149
O0925,U0187,P0126,1,28-11-2025 20:47,5,38999
O0926,U0235,P0177,1,29-11-2025 09:32,4,1599
O0927,U0141,P0143,1,30-11-2025 09:53,5,41999
O0928,U0290,P0198,1,30-11-2025 20:19,5,549
O0929,U0115,P0101,1,01-12-2025 09:37,4,58999
O0930,U0346,P0166,1,02-12-2025 09:18,5,499
O0931,U0204,P0185,1,02-12-2025 20:43,5,3499
O0932,U0157,P0098,1,03-12-2025 09:28,4,31999
O0933,U0272,P0173,1,04-12-2025 09:51,5,2599
O0934,U0122,P0138,1,04-12-2025 20:31,5,12999
O0935,U0317,P0169,1,05-12-2025 09:29,4,399
O0936,U0109,P0148,1,06-12-2025 09:46,5,33999
O0937,U0225,P0163,1,06-12-2025 20:27,5,749
O0938,U0351,P0128,1,07-12-2025 09:55,4,15999
O0939,U0175,P0187,1,08-12-2025 09:21,5,4999
O0940,U0289,P0164,1,08-12-2025 20:35,5,199
O0941,U0131,P0139,1,09-12-2025 09:43,4,15999
O0942,U0256,P0190,1,10-12-2025 09:33,5,5499
O0943,U0181,P0095,1,10-12-2025 20:57,5,57999
O0944,U0330,P0161,1,11-12-2025 09:16,4,599
O0945,U0111,P0140,1,12-12-2025 09:49,5,39999
O0946,U0276,P0176,1,12-12-2025 20:22,5,699
O0947,U0151,P0124,1,13-12-2025 09:35,4,549
O0948,U0306,P0162,1,14-12-2025 09:59,5,449
O0949,U0195,P0106,1,14-12-2025 20:33,5,9999
O0950,U0340,P0179,1,15-12-2025 09:41,4,499
O0951,U0127,P0147,1,16-12-2025 09:24,5,29999
O0952,U0222,P0168,1,16-12-2025 20:53,5,349
O0953,U0352,P0134,1,17-12-2025 09:18,4,4499
O0954,U0163,P0197,1,18-12-2025 09:31,5,599
O0955,U0291,P0102,1,18-12-2025 20:47,5,49999
O0956,U0130,P0166,1,19-12-2025 09:36,4,499
O0957,U0260,P0180,1,20-12-2025 09:44,5,2999
O0958,U0100,P0133,1,20-12-2025 20:27,5,6499
O0959,U0323,P0165,1,21-12-2025 09:14,4,149
O0960,U0188,P0145,1,22-12-2025 09:51,5,31999
O0961,U0239,P0170,1,22-12-2025 20:33,5,199
O0962,U0145,P0119,1,23-12-2025 09:47,4,104999
O0963,U0288,P0167,1,24-12-2025 09:29,5,249
O0964,U0110,P0188,1,24-12-2025 20:38,5,3999
O0965,U0250,P0096,1,25-12-2025 09:59,4,23999
O0966,U0199,P0169,1,26-12-2025 09:17,5,399
O0967,U0337,P0131,1,26-12-2025 20:43,5,2999
O0968,U0154,P0182,1,27-12-2025 09:23,4,5499
O0969,U0304,P0163,1,28-12-2025 09:42,5,749
O0970,U0125,P0121,1,28-12-2025 20:47,5,29999
O0971,U0219,P0160,1,29-12-2025 09:31,4,3999
O0972,U0357,P0196,1,30-12-2025 09:46,5,299
O0973,U0139,P0135,1,30-12-2025 20:24,5,6499
O0974,U0274,P0164,1,31-12-2025 09:54,4,199
O0975,U0102,P0146,1,01-01-2026 09:38,5,35999
O0976,U0320,P0174,1,01-01-2026 20:41,5,1999
O0977,U0166,P0166,1,02-01-2026 09:33,4,499
O0978,U0247,P0187,1,03-01-2026 09:52,5,4999
O0979,U0183,P0137,1,03-01-2026 20:29,5,2999
O0980,U0336,P0162,1,04-01-2026 09:41,4,449
O0981,U0112,P0090,1,05-01-2026 09:16,5,1299
O0982,U0284,P0168,1,05-01-2026 20:39,5,349
O0983,U0142,P0129,1,06-01-2026 09:22,4,35999
O0984,U0209,P0199,1,07-01-2026 09:58,5,699
O0985,U0319,P0171,1,07-01-2026 20:12,5,1499
O0986,U0159,P0138,1,08-01-2026 09:44,4,12999
O0987,U0106,P0167,1,09-01-2026 09:19,5,249
O0988,U0270,P0183,1,09-01-2026 20:31,5,2999
O0989,U0197,P0161,1,10-01-2026 09:23,4,599
O0990,U0344,P0136,1,11-01-2026 09:38,5,3499
O0991,U0128,P0195,1,11-01-2026 20:47,5,349
O0992,U0228,P0103,1,12-01-2026 09:36,4,34999
O0993,U0358,P0165,1,13-01-2026 09:12,5,149
O0994,U0178,P0180,1,13-01-2026 20:45,5,2999
O0995,U0134,P0163,1,14-01-2026 09:59,4,749
O0996,U0298,P0110,1,15-01-2026 09:21,5,16999
O0997,U0162,P0166,1,15-01-2026 20:39,5,499
O0998,U0249,P0189,1,16-01-2026 09:28,4,899
O0999,U0101,P0125,1,17-01-2026 09:55,5,96999
O1000,U0339,P0172,1,17-01-2026 20:34,5,2999
O1001,U0215,P0120,1,18-01-2026 09:29,5,13999
O1002,U0307,P0168,1,18-01-2026 20:41,4,349
O1003,U0144,P0092,1,19-01-2026 09:54,5,5999
O1004,U0271,P0174,1,20-01-2026 09:36,5,1999
O1005,U0180,P0142,1,20-01-2026 20:53,4,45999
O1006,U0322,P0163,1,21-01-2026 09:47,5,749
O1007,U0113,P0139,1,22-01-2026 09:21,5,15999
O1008,U0258,P0194,1,22-01-2026 20:35,4,449
O1009,U0172,P0107,1,23-01-2026 09:52,5,57999
O1010,U0311,P0170,1,24-01-2026 09:37,5,199
O1011,U0121,P0132,1,24-01-2026 20:28,4,7999
O1012,U0234,P0162,1,25-01-2026 09:55,5,449
O1013,U0152,P0187,1,26-01-2026 09:14,5,4999
O1014,U0294,P0165,1,26-01-2026 20:42,4,149
O1015,U0108,P0144,1,27-01-2026 09:26,5,61999
O1016,U0345,P0173,1,28-01-2026 09:41,5,2599
O1017,U0190,P0127,1,28-01-2026 20:36,4,28999
O1018,U0277,P0169,1,29-01-2026 09:31,5,399
O1019,U0133,P0135,1,30-01-2026 09:59,5,6499
O1020,U0208,P0167,1,30-01-2026 20:22,4,249
O1021,U0353,P0114,1,31-01-2026 09:43,5,62999
O1022,U0156,P0181,1,01-02-2026 09:28,5,9999
O1023,U0226,P0166,1,01-02-2026 20:47,4,499
O1024,U0103,P0141,1,02-02-2026 09:52,5,34999
O1025,U0283,P0161,1,03-02-2026 09:44,5,599
O1026,U0168,P0109,1,03-02-2026 20:41,4,29999
O1027,U0327,P0184,1,04-02-2026 09:37,5,299
O1028,U0149,P0137,1,05-02-2026 09:12,5,2999
O1029,U0242,P0192,1,05-02-2026 20:48,4,499
O1030,U0193,P0128,1,06-02-2026 09:26,5,15999
O1031,U0341,P0168,1,07-02-2026 09:39,5,349
O1032,U0114,P0136,1,07-02-2026 20:56,4,3499
O1033,U0266,P0186,1,08-02-2026 09:58,5,1899
O1034,U0206,P0164,1,09-02-2026 09:15,5,199
O1035,U0301,P0111,1,09-02-2026 20:35,4,39999
O1036,U0136,P0162,1,10-02-2026 09:22,5,449
O1037,U0179,P0190,1,11-02-2026 09:49,5,5499
O1038,U0230,P0163,1,11-02-2026 20:43,4,749
O1039,U0150,P0104,1,12-02-2026 09:34,5,12999
O1040,U0313,P0180,1,13-02-2026 09:41,5,2999
O1041,U0129,P0165,1,13-02-2026 20:19,4,149
O1042,U0217,P0147,1,14-02-2026 09:57,5,29999
O1043,U0350,P0177,1,15-02-2026 09:23,5,1599
O1044,U0140,P0169,1,15-02-2026 20:41,4,399
O1045,U0297,P0123,1,16-02-2026 09:35,5,39999
O1046,U0169,P0160,1,17-02-2026 09:59,5,3999
O1047,U0246,P0196,1,17-02-2026 20:22,4,299
O1048,U0107,P0139,1,18-02-2026 09:47,5,15999
O1049,U0333,P0167,1,19-02-2026 09:51,5,249
O1050,U0186,P0113,1,19-02-2026 20:34,4,42999
O1051,U0229,P0161,1,20-02-2026 09:38,5,599
O1052,U0116,P0162,1,21-02-2026 09:43,5,449
O1053,U0279,P0191,1,21-02-2026 20:53,4,399
O1054,U0205,P0149,1,22-02-2026 09:29,5,47999
O1055,U0359,P0166,1,23-02-2026 09:57,5,499
O1056,U0146,P0182,1,23-02-2026 20:44,4,5499
O1057,U0255,P0164,1,24-02-2026 09:49,5,199
O1058,U0196,P0126,1,25-02-2026 09:13,5,38999
O1059,U0309,P0165,1,25-02-2026 20:27,4,149
O1060,U0158,P0137,1,26-02-2026 09:33,5,2999
O1061,U0221,P0195,1,27-02-2026 09:18,5,349
O1062,U0123,P0146,1,27-02-2026 20:55,4,35999
O1063,U0293,P0168,1,28-02-2026 09:37,5,349
O1064,U0171,P0135,1,01-03-2026 09:12,5,6499
O1065,U0332,P0197,1,01-03-2026 20:35,4,599
O1066,U0105,P0162,1,02-03-2026 09:58,5,449
O1067,U0248,P0102,1,03-03-2026 09:44,5,49999
O1068,U0184,P0160,1,03-03-2026 20:26,4,3999
O1069,U0326,P0189,1,04-03-2026 09:32,5,899
O1070,U0137,P0167,1,05-03-2026 09:46,5,249
O1071,U0218,P0117,1,05-03-2026 20:51,4,64999
O1072,U0354,P0169,1,06-03-2026 09:21,5,399
O1073,U0143,P0133,1,07-03-2026 09:59,5,6499
O1074,U0273,P0198,1,07-03-2026 20:39,4,549
O1075,U0194,P0120,1,08-03-2026 09:16,5,13999
O1076,U0335,P0163,1,09-03-2026 09:51,5,749
O1077,U0118,P0166,1,09-03-2026 20:44,4,499
O1078,U0265,P0100,1,10-03-2026 09:43,5,24999
O1079,U0202,P0168,1,11-03-2026 09:35,5,349
O1080,U0300,P0193,1,11-03-2026 20:26,4,399
O1081,U0153,P0125,1,12-03-2026 09:39,5,96999
O1082,U0227,P0164,1,13-03-2026 09:55,5,199
O1083,U0102,P0132,1,13-03-2026 20:59,4,7999
O1084,U0282,P0169,1,14-03-2026 09:33,5,399
O1085,U0165,P0175,1,15-03-2026 09:18,5,7999
O1086,U0347,P0161,1,15-03-2026 20:57,4,599
O1087,U0124,P0138,1,16-03-2026 09:52,5,12999
O1088,U0214,P0162,1,17-03-2026 09:37,5,449
O1089,U0356,P0199,1,17-03-2026 20:19,4,699
O1090,U0132,P0145,1,18-03-2026 09:47,5,31999
O1091,U0275,P0167,1,19-03-2026 09:23,5,249
O1092,U0182,P0129,1,19-03-2026 20:44,4,35999
O1093,U0329,P0166,1,20-03-2026 09:51,5,499
O1094,U0147,P0185,1,21-03-2026 09:29,5,3499
O1095,U0251,P0164,1,21-03-2026 20:36,4,199
O1096,U0176,P0118,1,22-03-2026 09:55,5,74999
O1097,U0318,P0169,1,23-03-2026 09:41,5,399
O1098,U0104,P0136,1,23-03-2026 20:47,4,3499
O1099,U0236,P0192,1,24-03-2026 09:26,5,499
O1100,U0160,P0143,1,25-03-2026 09:32,5,41999
O1101,U0135,P0162,1,26-03-2026 09:43,5,449
O1102,U0220,P0171,1,27-03-2026 09:58,5,1499
O1103,U0151,P0121,1,27-03-2026 20:47,4,29999
O1104,U0288,P0169,1,28-03-2026 09:22,5,399
O1105,U0112,P0137,1,29-03-2026 09:51,5,2999
O1106,U0219,P0197,1,29-03-2026 20:37,4,599
O1107,U0342,P0165,1,30-03-2026 09:33,5,149
O1108,U0148,P0105,1,31-03-2026 09:45,5,28999
O1109,U0256,P0164,1,31-03-2026 20:52,4,199
O1110,U0197,P0131,1,01-04-2026 09:29,5,2999
O1111,U0305,P0199,1,02-04-2026 09:57,5,699
O1112,U0126,P0167,1,02-04-2026 20:47,4,249
O1113,U0272,P0124,1,03-04-2026 09:32,5,104999
O1114,U0188,P0161,1,04-04-2026 09:59,5,599
O1115,U0337,P0176,1,04-04-2026 20:53,4,699
O1116,U0111,P0168,1,05-04-2026 09:16,5,349
O1117,U0225,P0139,1,06-04-2026 09:42,5,15999
O1118,U0163,P0183,1,06-04-2026 20:49,4,2999
O1119,U0280,P0166,1,07-04-2026 09:58,5,499
O1120,U0142,P0108,1,08-04-2026 09:51,5,56999
O1121,U0238,P0175,1,08-04-2026 20:33,4,7999
O1122,U0109,P0169,1,09-04-2026 09:28,5,399
O1123,U0349,P0138,1,10-04-2026 09:43,5,12999
O1124,U0178,P0196,1,10-04-2026 20:47,4,299
O1125,U0264,P0164,1,11-04-2026 09:36,5,199
O1126,U0122,P0116,1,12-04-2026 09:27,5,129999
O1127,U0211,P0162,1,12-04-2026 20:58,4,449
O1128,U0308,P0195,1,13-04-2026 09:33,5,349
O1129,U0157,P0148,1,14-04-2026 09:52,5,33999
O1130,U0241,P0167,1,14-04-2026 20:39,4,249
O1131,U0138,P0122,1,15-04-2026 09:18,5,21999
O1132,U0199,P0161,1,16-04-2026 09:44,5,599
O1133,U0334,P0188,1,16-04-2026 20:47,4,3999
O1134,U0106,P0169,1,17-04-2026 09:39,5,399
O1135,U0228,P0134,1,18-04-2026 09:28,5,4499
O1136,U0175,P0198,1,18-04-2026 20:58,4,549
O1137,U0278,P0163,1,19-04-2026 09:35,5,749
O1138,U0119,P0106,1,20-04-2026 09:49,5,9999
O1139,U0247,P0165,1,20-04-2026 20:36,4,149
O1140,U0201,P0149,1,21-04-2026 09:41,5,47999
O1141,U0316,P0162,1,22-04-2026 09:53,5,449
O1142,U0154,P0179,1,22-04-2026 20:22,4,499
O1143,U0287,P0127,1,23-04-2026 09:48,5,28999
O1144,U0139,P0166,1,24-04-2026 09:36,5,499
O1145,U0222,P0182,1,24-04-2026 20:54,4,5499
O1146,U0166,P0168,1,25-04-2026 09:19,5,349
O1147,U0310,P0130,1,26-04-2026 09:43,5,44999
O1148,U0141,P0167,1,26-04-2026 20:46,4,249
O1149,U0254,P0194,1,27-04-2026 09:52,5,449
O1150,U0198,P0135,1,28-04-2026 09:28,5,6499
O1151,U0338,P0169,1,28-04-2026 20:58,4,399
O1152,U0127,P0140,1,29-04-2026 09:34,5,39999
O1153,U0237,P0161,1,30-04-2026 09:46,5,599
O1154,U0170,P0192,1,30-04-2026 20:57,4,499
O1155,U0286,P0162,1,01-05-2026 09:31,5,449
O1156,U0115,P0110,1,02-05-2026 09:55,5,16999
O1157,U0212,P0163,1,02-05-2026 20:38,4,749
O1158,U0351,P0181,1,03-05-2026 09:28,5,9999
O1159,U0145,P0165,1,04-05-2026 09:41,5,149
O1160,U0302,P0123,1,04-05-2026 20:51,4,39999
O1161,U0185,P0167,1,05-05-2026 09:52,5,249
O1162,U0243,P0166,1,06-05-2026 09:49,5,499
O1163,U0101,P0180,1,06-05-2026 20:27,4,2999
O1164,U0223,P0168,1,07-05-2026 09:38,5,349
O1165,U0162,P0112,1,08-05-2026 09:59,5,1999
O1166,U0331,P0169,1,08-05-2026 20:35,4,399
O1167,U0120,P0133,1,09-05-2026 09:51,5,6499
O1168,U0216,P0193,1,10-05-2026 09:36,5,399
O1169,U0260,P0164,1,10-05-2026 20:41,4,199
O1170,U0110,P0121,1,11-05-2026 09:49,5,29999
O1171,U0204,P0161,1,12-05-2026 09:32,5,599
O1172,U0355,P0189,1,12-05-2026 20:39,4,899
O1173,U0134,P0163,1,13-05-2026 09:41,5,749
O1174,U0290,P0109,1,14-05-2026 09:28,5,29999
O1175,U0177,P0165,1,14-05-2026 20:58,4,149
O1176,U0315,P0184,1,15-05-2026 09:38,5,299
O1177,U0155,P0167,1,16-05-2026 09:41,5,249
O1178,U0231,P0191,1,16-05-2026 20:59,4,399
O1179,U0100,P0132,1,17-05-2026 09:27,5,7999
O1180,U0269,P0166,1,18-05-2026 09:59,5,499
O1181,U0192,P0172,1,18-05-2026 20:31,4,2999
O1182,U0346,P0168,1,19-05-2026 09:21,5,349
O1183,U0117,P0129,1,20-05-2026 09:54,5,35999
O1184,U0224,P0162,1,20-05-2026 20:29,4,449
O1185,U0144,P0161,1,21-05-2026 09:34,5,599
O1186,U0304,P0178,1,22-05-2026 09:41,5,24999
O1187,U0189,P0169,1,22-05-2026 20:53,4,399
O1188,U0276,P0130,1,23-05-2026 09:32,5,44999
O1189,U0128,P0167,1,24-05-2026 09:42,5,249
O1190,U0249,P0194,1,24-05-2026 20:47,4,449
O1191,U0164,P0115,1,25-05-2026 09:18,5,84999
O1192,U0210,P0163,1,26-05-2026 09:48,5,749
O1193,U0357,P0165,1,26-05-2026 20:59,4,149
O1194,U0131,P0144,1,27-05-2026 09:53,5,61999
O1195,U0292,P0166,1,28-05-2026 09:24,5,499
O1196,U0113,P0190,1,28-05-2026 20:31,4,5499
O1197,U0229,P0168,1,29-05-2026 09:52,5,349
O1198,U0174,P0139,1,30-05-2026 09:39,5,15999
O1199,U0320,P0162,1,30-05-2026 20:55,4,449
O1200,U0159,P0103,1,31-05-2026 09:41,5,34999
O1201,U0147,P0169,1,01-06-2026 09:36,5,399
O1202,U0246,P0128,1,02-06-2026 09:48,5,15999
O1203,U0179,P0162,1,02-06-2026 20:49,4,449
O1204,U0333,P0192,1,03-06-2026 09:44,5,499
O1205,U0108,P0167,1,04-06-2026 09:58,5,249
O1206,U0221,P0141,1,04-06-2026 20:28,4,34999
O1207,U0152,P0165,1,05-06-2026 09:32,5,149
O1208,U0306,P0187,1,06-06-2026 09:46,5,4999
O1209,U0191,P0163,1,06-06-2026 20:55,4,749
O1210,U0270,P0107,1,07-06-2026 09:27,5,57999
O1211,U0124,P0161,1,08-06-2026 09:49,5,599
O1212,U0218,P0195,1,08-06-2026 20:36,4,349
O1213,U0341,P0164,1,09-06-2026 09:54,5,199
O1214,U0146,P0136,1,10-06-2026 09:41,5,3499
O1215,U0233,P0168,1,10-06-2026 20:48,4,349
O1216,U0169,P0199,1,11-06-2026 09:22,5,699
O1217,U0322,P0125,1,12-06-2026 09:59,5,96999
O1218,U0114,P0166,1,12-06-2026 20:44,4,499
O1219,U0208,P0173,1,13-06-2026 09:26,5,2599
O1220,U0295,P0167,1,14-06-2026 09:55,5,249
O1221,U0130,P0137,1,14-06-2026 20:39,4,2999
O1222,U0258,P0162,1,15-06-2026 09:38,5,449
O1223,U0181,P0102,1,16-06-2026 09:57,5,49999
O1224,U0339,P0165,1,16-06-2026 20:24,4,149
O1225,U0121,P0196,1,17-06-2026 09:43,5,299
O1226,U0214,P0142,1,18-06-2026 09:59,5,45999
O1227,U0309,P0168,1,18-06-2026 20:52,4,349
O1228,U0156,P0169,1,19-06-2026 09:41,5,399
O1229,U0267,P0139,1,20-06-2026 09:54,5,15999
O1230,U0116,P0167,1,20-06-2026 20:38,4,249
O1231,U0230,P0185,1,21-06-2026 09:36,5,3499
O1232,U0171,P0166,1,22-06-2026 09:58,5,499
O1233,U0353,P0193,1,22-06-2026 20:29,4,399
O1234,U0137,P0164,1,23-06-2026 09:27,5,199
O1235,U0298,P0146,1,24-06-2026 09:55,5,35999
O1236,U0104,P0163,1,24-06-2026 20:46,4,749
O1237,U0213,P0191,1,25-06-2026 09:39,5,399
O1238,U0301,P0168,1,26-06-2026 09:42,5,349
O1239,U0150,P0119,1,26-06-2026 20:56,4,16999
O1240,U0261,P0162,1,27-06-2026 09:44,5,449
O1241,U0118,P0161,1,28-06-2026 09:49,5,599
O1242,U0227,P0189,1,28-06-2026 20:32,4,899
O1243,U0336,P0167,1,29-06-2026 09:26,5,249
O1244,U0140,P0147,1,30-06-2026 09:58,5,29999
O1245,U0248,P0165,1,30-06-2026 20:50,4,149
O1246,U0165,P0198,1,01-07-2026 09:28,5,549
O1247,U0314,P0126,1,02-07-2026 09:47,5,38999
O1248,U0102,P0166,1,02-07-2026 20:33,4,499
O1249,U0226,P0194,1,03-07-2026 09:53,5,449
O1250,U0176,P0131,1,04-07-2026 09:31,5,2999
O1251,U0294,P0169,1,04-07-2026 20:49,4,399
O1252,U0125,P0145,1,05-07-2026 09:55,5,31999
O1253,U0205,P0162,1,06-07-2026 09:43,5,449
O1254,U0352,P0197,1,06-07-2026 20:58,4,599
O1255,U0133,P0163,1,07-07-2026 09:48,5,749
O1256,U0271,P0104,1,08-07-2026 09:42,5,12999
O1257,U0187,P0165,1,08-07-2026 20:29,4,149
O1258,U0319,P0174,1,09-07-2026 09:28,5,1999
O1259,U0158,P0168,1,10-07-2026 09:39,5,349
O1260,U0259,P0190,1,10-07-2026 20:47,4,5499
O1261,U0112,P0167,1,11-07-2026 09:51,5,249
O1262,U0217,P0199,1,12-07-2026 09:55,5,699
O1263,U0330,P0166,1,12-07-2026 20:52,4,499
O1264,U0149,P0120,1,13-07-2026 09:46,5,13999
O1265,U0235,P0169,1,14-07-2026 09:29,5,399
O1266,U0173,P0195,1,14-07-2026 20:55,4,349
O1267,U0277,P0164,1,15-07-2026 09:42,5,199
O1268,U0119,P0149,1,16-07-2026 09:48,5,47999
O1269,U0207,P0162,1,16-07-2026 20:58,4,449
O1270,U0354,P0196,1,17-07-2026 09:27,5,299
O1271,U0132,P0167,1,18-07-2026 09:55,5,249
O1272,U0307,P0192,1,18-07-2026 20:41,4,499
O1273,U0153,P0133,1,19-07-2026 09:43,5,6499
O1274,U0263,P0168,1,20-07-2026 09:37,5,349
O1275,U0103,P0117,1,20-07-2026 20:49,4,64999
O1276,U0225,P0165,1,21-07-2026 09:56,5,149
O1277,U0182,P0191,1,22-07-2026 09:34,5,399
O1278,U0344,P0169,1,22-07-2026 20:29,4,399
O1279,U0129,P0132,1,23-07-2026 09:58,5,7999
O1280,U0219,P0166,1,24-07-2026 09:42,5,499
O1281,U0296,P0184,1,24-07-2026 20:50,4,299
O1282,U0148,P0161,1,25-07-2026 09:41,5,599
O1283,U0234,P0143,1,26-07-2026 09:46,5,41999
O1284,U0172,P0163,1,26-07-2026 20:53,4,749
O1285,U0273,P0162,1,27-07-2026 09:53,5,449
O1286,U0111,P0121,1,28-07-2026 09:32,5,29999
O1287,U0209,P0167,1,28-07-2026 20:58,4,249
O1288,U0356,P0198,1,29-07-2026 09:46,5,549
O1289,U0136,P0166,1,30-07-2026 09:58,5,499
O1290,U0312,P0186,1,30-07-2026 20:31,4,1899
O1291,U0160,P0164,1,31-07-2026 09:29,5,199
O1292,U0252,P0148,1,01-08-2026 09:47,5,33999
O1293,U0186,P0168,1,01-08-2026 20:36,4,349
O1294,U0335,P0193,1,02-08-2026 09:58,5,399
O1295,U0123,P0130,1,03-08-2026 09:34,5,44999
O1296,U0215,P0162,1,03-08-2026 20:54,4,449
O1297,U0348,P0161,1,04-08-2026 09:41,5,599
O1298,U0159,P0197,1,05-08-2026 09:55,5,599
O1299,U0279,P0169,1,05-08-2026 20:47,4,399
O1300,U0105,P0114,1,06-08-2026 09:46,5,62999
O1301,U0222,P0165,1,06-08-2026 20:38,4,149
O1302,U0184,P0196,1,07-08-2026 09:55,5,299
O1303,U0347,P0162,1,08-08-2026 09:49,5,449
O1304,U0128,P0134,1,08-08-2026 20:54,4,4499
O1305,U0216,P0169,1,09-08-2026 09:42,5,399
O1306,U0308,P0172,1,10-08-2026 09:56,5,2999
O1307,U0154,P0167,1,10-08-2026 20:41,4,249
O1308,U0256,P0195,1,11-08-2026 09:44,5,349
O1309,U0110,P0140,1,12-08-2026 09:59,5,39999
O1310,U0237,P0163,1,12-08-2026 20:46,4,749
O1311,U0177,P0166,1,13-08-2026 09:28,5,499
O1312,U0342,P0192,1,14-08-2026 09:54,5,499
O1313,U0143,P0168,1,14-08-2026 20:35,4,349
O1314,U0278,P0123,1,15-08-2026 09:43,5,2999
O1315,U0107,P0164,1,16-08-2026 09:51,5,199
O1316,U0224,P0191,1,16-08-2026 20:48,4,399
O1317,U0351,P0161,1,17-08-2026 09:56,5,599
O1318,U0134,P0112,1,18-08-2026 09:33,5,42999
O1319,U0204,P0167,1,18-08-2026 20:44,4,249
O1320,U0290,P0199,1,19-08-2026 09:39,5,699
O1321,U0145,P0166,1,20-08-2026 09:42,5,499
O1322,U0243,P0135,1,20-08-2026 20:55,4,6499
O1323,U0162,P0169,1,21-08-2026 09:47,5,399
O1324,U0318,P0197,1,22-08-2026 09:29,5,599
O1325,U0126,P0163,1,22-08-2026 20:57,4,749
O1326,U0210,P0127,1,23-08-2026 09:51,5,28999
O1327,U0305,P0162,1,24-08-2026 09:36,5,449
O1328,U0157,P0194,1,24-08-2026 20:50,4,449
O1329,U0254,P0165,1,25-08-2026 09:43,5,149
O1330,U0115,P0144,1,26-08-2026 09:59,5,61999
O1331,U0220,P0168,1,26-08-2026 20:31,4,349
O1332,U0337,P0193,1,27-08-2026 09:27,5,399
O1333,U0144,P0167,1,28-08-2026 09:52,5,249
O1334,U0232,P0182,1,28-08-2026 20:36,4,5499
O1335,U0174,P0161,1,29-08-2026 09:58,5,599
O1336,U0355,P0198,1,30-08-2026 09:47,5,549
O1337,U0139,P0116,1,30-08-2026 20:55,4,129999
O1338,U0206,P0169,1,31-08-2026 09:36,5,399
O1339,U0284,P0166,1,01-09-2026 09:51,5,499
O1340,U0117,P0188,1,01-09-2026 20:40,4,3999
O1341,U0211,P0162,1,02-09-2026 09:46,5,449
O1342,U0302,P0164,1,03-09-2026 09:57,5,199
O1343,U0151,P0138,1,03-09-2026 20:48,4,12999
O1344,U0245,P0165,1,04-09-2026 09:32,5,149
O1345,U0168,P0191,1,05-09-2026 09:59,5,399
O1346,U0326,P0167,1,05-09-2026 20:50,4,249
O1347,U0131,P0122,1,06-09-2026 09:35,5,21999
O1348,U0202,P0169,1,07-09-2026 09:54,5,399
O1349,U0289,P0195,1,07-09-2026 20:34,4,349
O1350,U0109,P0166,1,08-09-2026 09:49,5,499
O1351,U0229,P0192,1,09-09-2026 09:55,5,499
O1352,U0338,P0168,1,09-09-2026 20:42,4,349
O1353,U0141,P0115,1,10-09-2026 09:44,5,84999
O1354,U0274,P0163,1,11-09-2026 09:59,5,749
O1355,U0188,P0162,1,11-09-2026 20:57,4,449
O1356,U0317,P0183,1,12-09-2026 09:26,5,2999
O1357,U0113,P0167,1,13-09-2026 09:58,5,249
O1358,U0212,P0196,1,13-09-2026 20:49,4,299
O1359,U0304,P0161,1,14-09-2026 09:53,5,599
O1360,U0155,P0149,1,15-09-2026 09:41,5,47999
O1361,U0251,P0169,1,15-09-2026 20:52,4,399
O1362,U0120,P0197,1,16-09-2026 09:47,5,599
O1363,U0228,P0165,1,17-09-2026 09:58,5,149
O1364,U0340,P0199,1,17-09-2026 20:44,4,699
O1365,U0142,P0168,1,18-09-2026 09:54,5,349
O1366,U0276,P0124,1,19-09-2026 09:49,5,104999
O1367,U0106,P0163,1,19-09-2026 20:28,4,749
O1368,U0219,P0166,1,20-09-2026 09:43,5,499
O1369,U0297,P0181,1,21-09-2026 09:57,5,9999
O1370,U0138,P0162,1,21-09-2026 20:39,4,449
O1371,U0257,P0169,1,22-09-2026 09:52,5,399
O1372,U0178,P0167,1,23-09-2026 09:36,5,249
O1373,U0334,P0194,1,23-09-2026 20:55,4,449
O1374,U0147,P0165,1,24-09-2026 09:42,5,149
O1375,U0223,P0118,1,25-09-2026 09:58,5,74999
O1376,U0316,P0164,1,25-09-2026 20:47,4,199
O1377,U0101,P0193,1,26-09-2026 09:33,5,399
O1378,U0242,P0168,1,27-09-2026 09:46,5,349
O1379,U0164,P0129,1,27-09-2026 20:56,4,35999
O1380,U0303,P0166,1,28-09-2026 09:57,5,499
O1381,U0119,P0162,1,29-09-2026 09:36,5,449
O1382,U0218,P0195,1,29-09-2026 20:48,4,349
O1383,U0331,P0161,1,30-09-2026 09:49,5,599
O1384,U0159,P0132,1,01-10-2026 09:53,5,7999
O1385,U0269,P0167,1,01-10-2026 20:37,4,249
O1386,U0104,P0191,1,02-10-2026 09:41,5,399
O1387,U0236,P0169,1,03-10-2026 09:54,5,399
O1388,U0170,P0133,1,03-10-2026 20:32,4,6499
O1389,U0299,P0166,1,04-10-2026 09:45,5,499
O1390,U0127,P0180,1,05-10-2026 09:59,5,2999
O1391,U0217,P0165,1,05-10-2026 20:53,4,149
O1392,U0310,P0197,1,06-10-2026 09:34,5,599
O1393,U0146,P0162,1,07-10-2026 09:51,5,449
O1394,U0247,P0111,1,07-10-2026 20:39,4,39999
O1395,U0163,P0168,1,08-10-2026 09:56,5,349
O1396,U0300,P0198,1,09-10-2026 09:42,5,549
O1397,U0102,P0167,1,09-10-2026 20:54,4,249
O1398,U0225,P0192,1,10-10-2026 09:49,5,499
O1399,U0345,P0169,1,11-10-2026 09:52,5,399
O1400,U0135,P0147,1,11-10-2026 20:47,4,29999
O1401,U0208,P0162,1,12-10-2026 09:36,5,449
O1402,U0291,P0196,1,13-10-2026 09:59,5,299
O1403,U0121,P0167,1,13-10-2026 20:51,4,249
O1404,U0230,P0165,1,14-10-2026 09:45,5,149
O1405,U0333,P0195,1,15-10-2026 09:37,5,349
O1406,U0149,P0163,1,15-10-2026 20:56,4,749
O1407,U0259,P0139,1,16-10-2026 09:51,5,15999
O1408,U0112,P0169,1,17-10-2026 09:43,5,399
O1409,U0213,P0191,1,17-10-2026 20:55,4,399
O1410,U0312,P0168,1,18-10-2026 09:58,5,349
O1411,U0152,P0131,1,19-10-2026 09:41,5,2999
O1412,U0227,P0166,1,19-10-2026 20:47,4,499
O1413,U0339,P0194,1,20-10-2026 09:53,5,449
O1414,U0130,P0167,1,21-10-2026 09:49,5,249
O1415,U0209,P0192,1,21-10-2026 20:38,4,499
O1416,U0293,P0165,1,22-10-2026 09:47,5,149
O1417,U0116,P0148,1,23-10-2026 09:59,5,33999
O1418,U0248,P0162,1,23-10-2026 20:52,4,449
O1419,U0167,P0197,1,24-10-2026 09:56,5,599
O1420,U0322,P0166,1,25-10-2026 09:36,5,499
O1421,U0136,P0161,1,25-10-2026 20:55,4,599
O1422,U0221,P0198,1,26-10-2026 09:44,5,549
O1423,U0309,P0163,1,27-10-2026 09:50,5,749
O1424,U0156,P0193,1,27-10-2026 20:36,4,399
O1425,U0253,P0167,1,28-10-2026 09:42,5,249
O1426,U0105,P0126,1,29-10-2026 09:57,5,38999
O1427,U0239,P0164,1,29-10-2026 20:46,4,199
O1428,U0172,P0169,1,30-10-2026 09:48,5,399
O1429,U0348,P0199,1,31-10-2026 09:54,5,699
O1430,U0140,P0162,1,31-10-2026 20:57,4,449
O1431,U0215,P0185,1,01-11-2026 09:46,5,3499
O1432,U0314,P0167,1,02-11-2026 09:59,5,249
O1433,U0123,P0195,1,02-11-2026 20:40,4,349
O1434,U0240,P0168,1,03-11-2026 09:45,5,349
O1435,U0169,P0192,1,04-11-2026 09:39,5,499
O1436,U0328,P0166,1,04-11-2026 20:51,4,499
O1437,U0137,P0119,1,05-11-2026 09:51,5,16999
O1438,U0214,P0169,1,06-11-2026 09:55,5,399
O1439,U0296,P0165,1,06-11-2026 20:46,4,149
O1440,U0111,P0191,1,07-11-2026 09:42,5,399
O1441,U0226,P0167,1,08-11-2026 09:59,5,249
O1442,U0335,P0194,1,08-11-2026 20:47,4,449
O1443,U0148,P0163,1,09-11-2026 09:37,5,749
O1444,U0246,P0128,1,10-11-2026 09:56,5,15999
O1445,U0179,P0162,1,10-11-2026 20:35,4,449
O1446,U0306,P0166,1,11-11-2026 09:52,5,499
O1447,U0150,P0197,1,12-11-2026 09:49,5,599
O1448,U0252,P0168,1,12-11-2026 20:57,4,349
O1449,U0108,P0136,1,13-11-2026 09:39,5,3499
O1450,U0231,P0169,1,14-11-2026 09:58,5,399
O1451,U0185,P0165,1,14-11-2026 20:49,4,149
O1452,U0344,P0196,1,15-11-2026 09:57,5,299
O1453,U0132,P0167,1,16-11-2026 09:53,5,249
O1454,U0219,P0193,1,16-11-2026 20:40,4,399
O1455,U0319,P0161,1,17-11-2026 09:55,5,599
O1456,U0158,P0164,1,18-11-2026 09:43,5,199
O1457,U0225,P0195,1,18-11-2026 20:52,4,349
O1458,U0336,P0162,1,19-11-2026 09:58,5,449
O1459,U0142,P0146,1,20-11-2026 09:44,5,35999
O1460,U0249,P0168,1,20-11-2026 20:46,4,349
O1461,U0165,P0199,1,21-11-2026 09:49,5,699
O1462,U0325,P0166,1,22-11-2026 09:59,5,499
O1463,U0133,P0163,1,22-11-2026 20:35,4,749
O1464,U0207,P0192,1,23-11-2026 09:56,5,499
O1465,U0298,P0167,1,24-11-2026 09:38,5,249
O1466,U0124,P0189,1,24-11-2026 20:57,4,899
O1467,U0235,P0165,1,25-11-2026 09:53,5,149
O1468,U0330,P0191,1,26-11-2026 09:49,5,399
O1469,U0143,P0169,1,26-11-2026 20:41,4,399
O1470,U0216,P0137,1,27-11-2026 09:58,5,2999
O1471,U0315,P0162,1,28-11-2026 09:47,5,449
O1472,U0154,P0198,1,28-11-2026 20:43,4,549
O1473,U0222,P0166,1,29-11-2026 09:45,5,499
O1474,U0301,P0194,1,30-11-2026 09:56,5,449
O1475,U0129,P0168,1,30-11-2026 20:52,4,349
O1476,U0244,P0141,1,01-12-2026 09:43,5,34999
O1477,U0176,P0167,1,02-12-2026 09:55,5,249
O1478,U0346,P0197,1,02-12-2026 20:54,4,599
O1479,U0134,P0169,1,03-12-2026 09:47,5,399
O1480,U0211,P0165,1,04-12-2026 09:59,5,149
O1481,U0292,P0195,1,04-12-2026 20:36,4,349
O1482,U0110,P0162,1,05-12-2026 09:51,5,449
O1483,U0238,P0193,1,06-12-2026 09:44,5,399
O1484,U0157,P0168,1,06-12-2026 20:55,4,349
O1485,U0229,P0120,1,07-12-2026 09:57,5,13999
O1486,U0332,P0167,1,08-12-2026 09:49,5,249
O1487,U0141,P0199,1,08-12-2026 20:47,4,699
O1488,U0203,P0166,1,09-12-2026 09:53,5,499
O1489,U0287,P0192,1,10-12-2026 09:59,5,499
O1490,U0119,P0164,1,10-12-2026 20:51,4,199
O1491,U0241,P0161,1,11-12-2026 09:48,5,599
O1492,U0162,P0196,1,12-12-2026 09:43,5,299
O1493,U0324,P0165,1,12-12-2026 20:38,4,149
O1494,U0138,P0198,1,13-12-2026 09:59,5,549
O1495,U0217,P0163,1,14-12-2026 09:46,5,749
O1496,U0307,P0186,1,14-12-2026 20:54,4,1899
O1497,U0155,P0167,1,15-12-2026 09:55,5,249
O1498,U0250,P0197,1,16-12-2026 09:49,5,599
O1499,U0107,P0162,1,16-12-2026 20:56,4,449
O1500,U0234,P0191,1,17-12-2026 09:42,5,399
O1501,U0242,P0164,1,18-12-2026 09:59,5,199
O1502,U0131,P0193,1,18-12-2026 20:56,4,399
O1503,U0218,P0167,1,19-12-2026 09:51,5,249
O1504,U0308,P0199,1,20-12-2026 09:44,5,699
O1505,U0151,P0166,1,20-12-2026 20:46,4,499
O1506,U0223,P0138,1,21-12-2026 09:57,5,12999
O1507,U0340,P0169,1,22-12-2026 09:53,5,399
O1508,U0144,P0192,1,22-12-2026 20:47,4,499
O1509,U0205,P0168,1,23-12-2026 09:43,5,349
O1510,U0299,P0195,1,24-12-2026 09:58,5,349
O1511,U0127,P0165,1,24-12-2026 20:42,4,149
O1512,U0245,P0122,1,25-12-2026 09:56,5,21999
O1513,U0178,P0166,1,26-12-2026 09:49,5,499
O1514,U0337,P0191,1,26-12-2026 20:39,4,399
O1515,U0139,P0167,1,27-12-2026 09:51,5,249
O1516,U0212,P0194,1,28-12-2026 09:55,5,449
O1517,U0317,P0161,1,28-12-2026 20:58,4,599
O1518,U0161,P0196,1,29-12-2026 09:48,5,299
O1519,U0233,P0163,1,30-12-2026 09:41,5,749
O1520,U0345,P0197,1,30-12-2026 20:55,4,599
O1521,U0147,P0162,1,31-12-2026 09:58,5,449
O1522,U0228,P0199,1,01-01-2027 09:47,5,699
O1523,U0304,P0168,1,01-01-2027 20:53,4,349
O1524,U0120,P0165,1,02-01-2027 09:45,5,149
O1525,U0247,P0133,1,03-01-2027 09:59,5,6499
O1526,U0170,P0167,1,03-01-2027 20:44,4,249
O1527,U0331,P0193,1,04-01-2027 09:53,5,399
O1528,U0135,P0164,1,05-01-2027 09:51,5,199
O1529,U0210,P0192,1,05-01-2027 20:57,4,499
O1530,U0311,P0169,1,06-01-2027 09:49,5,399
O1531,U0153,P0166,1,07-01-2027 09:56,5,499
O1532,U0220,P0195,1,07-01-2027 20:43,4,349
O1533,U0338,P0161,1,08-01-2027 09:42,5,599
O1534,U0146,P0191,1,09-01-2027 09:55,5,399
O1535,U0204,P0163,1,09-01-2027 20:50,4,749
O1536,U0297,P0194,1,10-01-2027 09:46,5,449
O1537,U0117,P0149,1,11-01-2027 09:59,5,47999
O1538,U0237,P0167,1,11-01-2027 20:48,4,249
O1539,U0163,P0199,1,12-01-2027 09:54,5,699
O1540,U0347,P0162,1,13-01-2027 09:41,5,449
O1541,U0138,P0196,1,13-01-2027 20:56,4,299
O1542,U0213,P0168,1,14-01-2027 09:58,5,349
O1543,U0316,P0192,1,15-01-2027 09:50,5,499
O1544,U0159,P0165,1,15-01-2027 20:40,4,149
O1545,U0224,P0193,1,16-01-2027 09:45,5,399
O1546,U0334,P0166,1,17-01-2027 09:57,5,499
O1547,U0149,P0197,1,17-01-2027 20:59,4,599
O1548,U0208,P0164,1,18-01-2027 09:44,5,199
O1549,U0294,P0198,1,19-01-2027 09:51,5,549
O1550,U0126,P0167,1,19-01-2027 20:46,4,249
O1551,U0243,P0130,1,20-01-2027 09:56,5,44999
O1552,U0174,P0169,1,21-01-2027 09:52,5,399
O1553,U0332,P0192,1,21-01-2027 20:47,4,499
O1554,U0136,P0168,1,22-01-2027 09:59,5,349
O1555,U0215,P0194,1,23-01-2027 09:46,5,449
O1556,U0310,P0161,1,23-01-2027 20:45,4,599
O1557,U0152,P0191,1,24-01-2027 09:53,5,399
O1558,U0227,P0163,1,25-01-2027 09:47,5,749
O1559,U0335,P0196,1,25-01-2027 20:54,4,299
O1560,U0140,P0162,1,26-01-2027 09:58,5,449
O1561,U0206,P0195,1,27-01-2027 09:44,5,349
O1562,U0305,P0166,1,27-01-2027 20:56,4,499
O1563,U0128,P0193,1,28-01-2027 09:41,5,399
O1564,U0240,P0167,1,29-01-2027 09:55,5,249
O1565,U0175,P0199,1,29-01-2027 20:52,4,699
O1566,U0343,P0164,1,30-01-2027 09:48,5,199
O1567,U0132,P0197,1,31-01-2027 09:53,5,599
O1568,U0219,P0169,1,31-01-2027 20:57,4,399
O1569,U0312,P0198,1,01-02-2027 09:46,5,549
O1570,U0156,P0161,1,02-02-2027 09:59,5,599
O1571,U0225,P0192,1,02-02-2027 20:41,4,499
O1572,U0336,P0168,1,03-02-2027 09:47,5,349
O1573,U0142,P0196,1,04-02-2027 09:56,5,299
O1574,U0209,P0167,1,04-02-2027 20:58,4,249
O1575,U0290,P0188,1,05-02-2027 09:59,5,3999
O1576,U0121,P0169,1,06-02-2027 09:55,5,399
O1577,U0230,P0193,1,06-02-2027 20:44,4,399
O1578,U0160,P0162,1,07-02-2027 09:48,5,449
O1579,U0322,P0191,1,08-02-2027 09:52,5,399
O1580,U0137,P0166,1,08-02-2027 20:39,4,499
O1581,U0214,P0195,1,09-02-2027 09:59,5,349
O1582,U0303,P0164,1,10-02-2027 09:47,5,199
O1583,U0158,P0199,1,10-02-2027 20:55,4,699
O1584,U0226,P0163,1,11-02-2027 09:53,5,749
O1585,U0333,P0192,1,12-02-2027 09:44,5,499
O1586,U0145,P0168,1,12-02-2027 20:47,4,349
O1587,U0202,P0197,1,13-02-2027 09:58,5,599
O1588,U0295,P0169,1,14-02-2027 09:45,5,399
O1589,U0118,P0194,1,14-02-2027 20:56,4,449
O1590,U0236,P0161,1,15-02-2027 09:54,5,599
O1591,U0166,P0196,1,16-02-2027 09:47,5,299
O1592,U0329,P0165,1,16-02-2027 20:59,4,149
O1593,U0133,P0193,1,17-02-2027 09:41,5,399
O1594,U0217,P0162,1,18-02-2027 09:57,5,449
O1595,U0318,P0191,1,18-02-2027 20:42,4,399
O1596,U0154,P0168,1,19-02-2027 09:55,5,349
O1597,U0222,P0199,1,20-02-2027 09:50,5,699
O1598,U0339,P0167,1,20-02-2027 20:49,4,249
O1599,U0141,P0192,1,21-02-2027 09:58,5,499
O1600,U0248,P0132,1,22-02-2027 09:44,5,7999
O1601,U0134,P0161,1,23-02-2027 09:58,5,599
O1602,U0221,P0195,1,23-02-2027 20:46,4,349
O1603,U0330,P0167,1,24-02-2027 09:49,5,249
O1604,U0143,P0193,1,25-02-2027 09:52,5,399
O1605,U0211,P0169,1,25-02-2027 20:54,4,399
O1606,U0313,P0192,1,26-02-2027 09:46,5,499
O1607,U0157,P0164,1,27-02-2027 09:41,5,199
O1608,U0229,P0198,1,27-02-2027 20:58,4,549
O1609,U0337,P0166,1,28-02-2027 09:59,5,499
O1610,U0130,P0199,1,01-03-2027 09:55,5,699
O1611,U0203,P0162,1,01-03-2027 20:43,4,449
O1612,U0298,P0197,1,02-03-2027 09:54,5,599
O1613,U0129,P0168,1,03-03-2027 09:47,5,349
O1614,U0244,P0196,1,03-03-2027 20:59,4,299
O1615,U0172,P0165,1,04-03-2027 09:45,5,149
O1616,U0336,P0191,1,05-03-2027 09:57,5,399
O1617,U0139,P0163,1,05-03-2027 20:55,4,749
O1618,U0216,P0192,1,06-03-2027 09:48,5,499
O1619,U0315,P0169,1,07-03-2027 09:59,5,399
O1620,U0150,P0167,1,07-03-2027 20:44,4,249
O1621,U0227,P0194,1,08-03-2027 09:53,5,449
O1622,U0333,P0161,1,09-03-2027 09:51,5,599
O1623,U0148,P0195,1,09-03-2027 20:56,4,349
O1624,U0207,P0166,1,10-03-2027 09:58,5,499
O1625,U0291,P0198,1,11-03-2027 09:46,5,549
O1626,U0119,P0169,1,11-03-2027 20:50,4,399
O1627,U0231,P0162,1,12-03-2027 09:55,5,449
O1628,U0162,P0193,1,13-03-2027 09:47,5,399
O1629,U0321,P0167,1,13-03-2027 20:48,4,249
O1630,U0136,P0168,1,14-03-2027 09:52,5,349
O1631,U0218,P0199,1,15-03-2027 09:59,5,699
O1632,U0302,P0165,1,15-03-2027 20:42,4,149
O1633,U0155,P0197,1,16-03-2027 09:57,5,599
O1634,U0226,P0161,1,17-03-2027 09:54,5,599
O1635,U0338,P0196,1,17-03-2027 20:46,4,299
O1636,U0147,P0164,1,18-03-2027 09:44,5,199
O1637,U0201,P0192,1,19-03-2027 09:59,5,499
O1638,U0292,P0169,1,19-03-2027 20:53,4,399
O1639,U0122,P0195,1,20-03-2027 09:51,5,349
O1640,U0239,P0163,1,21-03-2027 09:58,5,749
O1641,U0168,P0191,1,21-03-2027 20:55,4,399
O1642,U0328,P0167,1,22-03-2027 09:43,5,249
O1643,U0132,P0198,1,23-03-2027 09:56,5,549
O1644,U0212,P0166,1,23-03-2027 20:57,4,499
O1645,U0314,P0193,1,24-03-2027 09:54,5,399
O1646,U0151,P0162,1,25-03-2027 09:59,5,449
O1647,U0223,P0194,1,25-03-2027 20:41,4,449
O1648,U0335,P0165,1,26-03-2027 09:46,5,149
O1649,U0144,P0196,1,27-03-2027 09:52,5,299
O1650,U0209,P0168,1,27-03-2027 20:45,4,349
O1651,U0296,P0199,1,28-03-2027 09:58,5,699
O1652,U0116,P0161,1,29-03-2027 09:47,5,599
O1653,U0234,P0192,1,29-03-2027 20:48,4,499
O1654,U0167,P0167,1,30-03-2027 09:44,5,249
O1655,U0339,P0195,1,31-03-2027 09:53,5,349
O1656,U0137,P0169,1,31-03-2027 20:56,4,399
O1657,U0219,P0164,1,01-04-2027 09:45,5,199
O1658,U0307,P0197,1,02-04-2027 09:59,5,599
O1659,U0152,P0168,1,02-04-2027 20:54,4,349
O1660,U0228,P0166,1,03-04-2027 09:55,5,499
O1661,U0332,P0191,1,04-04-2027 09:50,5,399
O1662,U0149,P0199,1,04-04-2027 20:52,4,699
O1663,U0205,P0162,1,05-04-2027 09:58,5,449
O1664,U0293,P0193,1,06-04-2027 09:44,5,399
O1665,U0125,P0165,1,06-04-2027 20:47,4,149
O1666,U0241,P0198,1,07-04-2027 09:52,5,549
O1667,U0176,P0169,1,08-04-2027 09:59,5,399
O1668,U0341,P0167,1,08-04-2027 20:55,4,249
O1669,U0131,P0166,1,09-04-2027 09:53,5,499
O1670,U0210,P0196,1,10-04-2027 09:57,5,299
O1671,U0319,P0192,1,10-04-2027 20:42,4,499
O1672,U0153,P0164,1,11-04-2027 09:59,5,199
O1673,U0225,P0197,1,12-04-2027 09:51,5,599
O1674,U0331,P0169,1,12-04-2027 20:46,4,399
O1675,U0141,P0194,1,13-04-2027 09:54,5,449
O1676,U0204,P0163,1,14-04-2027 09:47,5,749
O1677,U0290,P0195,1,14-04-2027 20:59,4,349
O1678,U0124,P0161,1,15-04-2027 09:48,5,599
O1679,U0232,P0162,1,16-04-2027 09:55,5,449
O1680,U0169,P0199,1,16-04-2027 20:58,4,699
O1681,U0323,P0168,1,17-04-2027 09:52,5,349
O1682,U0138,P0167,1,18-04-2027 09:59,5,249
O1683,U0215,P0193,1,18-04-2027 20:49,4,399
O1684,U0317,P0165,1,19-04-2027 09:54,5,149
O1685,U0155,P0166,1,20-04-2027 09:43,5,499
O1686,U0220,P0198,1,20-04-2027 20:45,4,549
O1687,U0334,P0192,1,21-04-2027 09:58,5,499
O1688,U0142,P0197,1,22-04-2027 09:56,5,599
O1689,U0208,P0169,1,22-04-2027 20:47,4,399
O1690,U0299,P0161,1,23-04-2027 09:41,5,599
O1691,U0126,P0164,1,24-04-2027 09:55,5,199
O1692,U0246,P0199,1,24-04-2027 20:52,4,699
O1693,U0173,P0162,1,25-04-2027 09:57,5,449
O1694,U0344,P0196,1,26-04-2027 09:59,5,299
O1695,U0135,P0167,1,26-04-2027 20:46,4,249
O1696,U0214,P0195,1,27-04-2027 09:53,5,349
O1697,U0311,P0163,1,28-04-2027 09:49,5,749
O1698,U0154,P0191,1,28-04-2027 20:44,4,399
O1699,U0222,P0166,1,29-04-2027 09:58,5,499
O1700,U0337,P0198,1,30-04-2027 09:45,5,549
O1701,U0140,P0194,1,01-05-2027 09:55,5,449
O1702,U0206,P0168,1,01-05-2027 20:44,4,349
O1703,U0295,P0161,1,02-05-2027 09:59,5,599
O1704,U0121,P0192,1,03-05-2027 09:48,5,499
O1705,U0237,P0167,1,03-05-2027 20:57,4,249
O1706,U0165,P0197,1,04-05-2027 09:56,5,599
O1707,U0326,P0169,1,05-05-2027 09:53,5,399
O1708,U0133,P0163,1,05-05-2027 20:41,4,749
O1709,U0213,P0166,1,06-05-2027 09:55,5,499
O1710,U0306,P0199,1,07-05-2027 09:52,5,699
O1711,U0158,P0164,1,07-05-2027 20:58,4,199
O1712,U0224,P0195,1,08-05-2027 09:59,5,349
O1713,U0336,P0161,1,09-05-2027 09:49,5,599
O1714,U0146,P0198,1,09-05-2027 20:50,4,549
O1715,U0200,P0162,1,10-05-2027 09:58,5,449
O1716,U0289,P0165,1,11-05-2027 09:47,5,149
O1717,U0128,P0193,1,11-05-2027 20:43,4,399
O1718,U0240,P0166,1,12-05-2027 09:56,5,499
O1719,U0170,P0191,1,13-05-2027 09:52,5,399
O1720,U0324,P0167,1,13-05-2027 20:48,4,249
O1721,U0138,P0194,1,14-05-2027 09:54,5,449
O1722,U0211,P0168,1,15-05-2027 09:59,5,349
O1723,U0309,P0196,1,15-05-2027 20:46,4,299
O1724,U0156,P0161,1,16-05-2027 09:57,5,599
O1725,U0229,P0197,1,17-05-2027 09:55,5,599
O1726,U0335,P0169,1,17-05-2027 20:54,4,399
O1727,U0142,P0192,1,18-05-2027 09:58,5,499
O1728,U0208,P0165,1,19-05-2027 09:53,5,149
O1729,U0294,P0198,1,19-05-2027 20:44,4,549
O1730,U0123,P0163,1,20-05-2027 09:56,5,749
O1731,U0245,P0166,1,21-05-2027 09:59,5,499
O1732,U0178,P0199,1,21-05-2027 20:52,4,699
O1733,U0342,P0162,1,22-05-2027 09:47,5,449
O1734,U0134,P0191,1,23-05-2027 09:55,5,399
O1735,U0217,P0167,1,23-05-2027 20:57,4,249
O1736,U0318,P0195,1,24-05-2027 09:52,5,349
O1737,U0159,P0164,1,25-05-2027 09:58,5,199
O1738,U0222,P0168,1,25-05-2027 20:55,4,349
O1739,U0339,P0166,1,26-05-2027 09:56,5,499
O1740,U0149,P0192,1,27-05-2027 09:54,5,499
O1741,U0202,P0161,1,27-05-2027 20:42,4,599
O1742,U0291,P0194,1,28-05-2027 09:53,5,449
O1743,U0127,P0169,1,29-05-2027 09:59,5,399
O1744,U0242,P0196,1,29-05-2027 20:43,4,299
O1745,U0174,P0163,1,30-05-2027 09:58,5,749
O1746,U0327,P0195,1,31-05-2027 09:51,5,349
O1747,U0139,P0167,1,31-05-2027 20:49,4,249
O1748,U0215,P0198,1,01-06-2027 09:57,5,549
O1749,U0300,P0162,1,02-06-2027 09:55,5,449
O1750,U0151,P0199,1,02-06-2027 20:58,4,699
O1751,U0226,P0164,1,03-06-2027 09:54,5,199
O1752,U0330,P0197,1,04-06-2027 09:59,5,599
O1753,U0141,P0165,1,04-06-2027 20:47,4,149
O1754,U0204,P0191,1,05-06-2027 09:53,5,399
O1755,U0297,P0166,1,06-06-2027 09:52,5,499
O1756,U0120,P0192,1,06-06-2027 20:54,4,499
O1757,U0247,P0168,1,07-06-2027 09:58,5,349
O1758,U0171,P0163,1,08-06-2027 09:56,5,749
O1759,U0320,P0199,1,08-06-2027 20:46,4,699
O1760,U0132,P0167,1,09-06-2027 09:55,5,249
O1761,U0214,P0196,1,10-06-2027 09:47,5,299
O1762,U0304,P0162,1,10-06-2027 20:42,4,449
O1763,U0150,P0194,1,11-06-2027 09:59,5,449
O1764,U0227,P0169,1,12-06-2027 09:52,5,399
O1765,U0332,P0165,1,12-06-2027 20:51,4,149
O1766,U0147,P0198,1,13-06-2027 09:56,5,549
O1767,U0207,P0161,1,14-06-2027 09:58,5,599
O1768,U0290,P0197,1,14-06-2027 20:48,4,599
O1769,U0122,P0163,1,15-06-2027 09:59,5,749
O1770,U0243,P0192,1,16-06-2027 09:51,5,499
O1771,U0175,P0166,1,16-06-2027 20:57,4,499
O1772,U0329,P0164,1,17-06-2027 09:47,5,199
O1773,U0136,P0191,1,18-06-2027 09:53,5,399
O1774,U0219,P0169,1,18-06-2027 20:46,4,399
O1775,U0315,P0167,1,19-06-2027 09:55,5,249
O1776,U0157,P0196,1,20-06-2027 09:52,5,299
O1777,U0220,P0162,1,20-06-2027 20:50,4,449
O1778,U0338,P0198,1,21-06-2027 09:59,5,549
O1779,U0145,P0165,1,22-06-2027 09:54,5,149
O1780,U0201,P0161,1,22-06-2027 20:42,4,599
O1781,U0296,P0197,1,23-06-2027 09:58,5,599
O1782,U0129,P0164,1,24-06-2027 09:47,5,199
O1783,U0248,P0193,1,24-06-2027 20:55,4,399
O1784,U0179,P0169,1,25-06-2027 09:53,5,399
O1785,U0325,P0195,1,26-06-2027 09:56,5,349
O1786,U0131,P0168,1,26-06-2027 20:44,4,349
O1787,U0212,P0163,1,27-06-2027 09:59,5,749
O1788,U0308,P0196,1,28-06-2027 09:55,5,299
O1789,U0152,P0162,1,28-06-2027 20:47,4,449
O1790,U0223,P0161,1,29-06-2027 09:52,5,599
O1791,U0333,P0197,1,30-06-2027 09:58,5,599
O1792,U0148,P0165,1,30-06-2027 20:43,4,149
O1793,U0209,P0194,1,01-07-2027 09:56,5,449
O1794,U0298,P0169,1,02-07-2027 09:59,5,399
O1795,U0124,P0198,1,02-07-2027 20:45,4,549
O1796,U0233,P0167,1,03-07-2027 09:54,5,249
O1797,U0166,P0192,1,04-07-2027 09:51,5,499
O1798,U0337,P0166,1,04-07-2027 20:49,4,499
O1799,U0135,P0199,1,05-07-2027 09:57,5,699
O1800,U0218,P0163,1,06-07-2027 09:55,5,749
O1801,U0143,P0168,1,07-07-2027 09:58,5,349
O1802,U0205,P0195,1,08-07-2027 09:55,5,349
O1803,U0293,P0162,1,08-07-2027 20:52,4,449
O1804,U0126,P0199,1,09-07-2027 09:59,5,699
O1805,U0241,P0165,1,10-07-2027 09:54,5,149
O1806,U0172,P0167,1,10-07-2027 20:49,4,249
O1807,U0322,P0191,1,11-07-2027 09:53,5,399
O1808,U0130,P0169,1,12-07-2027 09:58,5,399
O1809,U0210,P0196,1,12-07-2027 20:44,4,299
O1810,U0307,P0163,1,13-07-2027 09:56,5,749
O1811,U0154,P0164,1,14-07-2027 09:51,5,199
O1812,U0221,P0198,1,14-07-2027 20:57,4,549
O1813,U0331,P0166,1,15-07-2027 09:55,5,499
O1814,U0140,P0194,1,16-07-2027 09:59,5,449
O1815,U0206,P0162,1,16-07-2027 20:47,4,449
O1816,U0295,P0165,1,17-07-2027 09:58,5,149
O1817,U0121,P0193,1,18-07-2027 09:56,5,399
O1818,U0237,P0169,1,18-07-2027 20:53,4,399
O1819,U0165,P0192,1,19-07-2027 09:59,5,499
O1820,U0326,P0167,1,20-07-2027 09:54,5,249
O1821,U0133,P0166,1,20-07-2027 20:55,4,499
O1822,U0213,P0191,1,21-07-2027 09:57,5,399
O1823,U0306,P0168,1,22-07-2027 09:53,5,349
O1824,U0158,P0162,1,22-07-2027 20:49,4,449
O1825,U0224,P0197,1,23-07-2027 09:58,5,599
O1826,U0336,P0163,1,24-07-2027 09:56,5,749
O1827,U0146,P0196,1,24-07-2027 20:48,4,299
O1828,U0200,P0165,1,25-07-2027 09:59,5,149
O1829,U0289,P0199,1,26-07-2027 09:51,5,699
O1830,U0128,P0164,1,26-07-2027 20:54,4,199
O1831,U0240,P0198,1,27-07-2027 09:55,5,549
O1832,U0170,P0167,1,28-07-2027 09:59,5,249
O1833,U0324,P0191,1,28-07-2027 20:43,4,399
O1834,U0138,P0192,1,29-07-2027 09:58,5,499
O1835,U0211,P0163,1,30-07-2027 09:53,5,749
O1836,U0309,P0169,1,30-07-2027 20:57,4,399
O1837,U0156,P0161,1,31-07-2027 09:56,5,599
O1838,U0229,P0194,1,01-08-2027 09:55,5,449
O1839,U0335,P0166,1,01-08-2027 20:42,4,499
O1840,U0142,P0195,1,02-08-2027 09:59,5,349
O1841,U0208,P0168,1,03-08-2027 09:54,5,349
O1842,U0294,P0196,1,03-08-2027 20:46,4,299
O1843,U0123,P0192,1,04-08-2027 09:57,5,499
O1844,U0245,P0165,1,05-08-2027 09:59,5,149
O1845,U0178,P0191,1,05-08-2027 20:55,4,399
O1846,U0342,P0199,1,06-08-2027 09:56,5,699
O1847,U0134,P0167,1,07-08-2027 09:52,5,249
O1848,U0217,P0164,1,07-08-2027 20:49,4,199
O1849,U0318,P0198,1,08-08-2027 09:58,5,549
O1850,U0159,P0166,1,09-08-2027 09:55,5,499
O1851,U0222,P0193,1,09-08-2027 20:44,4,399
O1852,U0339,P0162,1,10-08-2027 09:59,5,449
O1853,U0149,P0169,1,11-08-2027 09:53,5,399
O1854,U0202,P0195,1,11-08-2027 20:57,4,349
O1855,U0291,P0161,1,12-08-2027 09:54,5,599
O1856,U0127,P0163,1,13-08-2027 09:56,5,749
O1857,U0242,P0197,1,13-08-2027 20:50,4,599
O1858,U0174,P0192,1,14-08-2027 09:59,5,499
O1859,U0327,P0168,1,15-08-2027 09:55,5,349
O1860,U0139,P0196,1,15-08-2027 20:45,4,299
O1861,U0215,P0194,1,16-08-2027 09:58,5,449
O1862,U0300,P0167,1,17-08-2027 09:52,5,249
O1863,U0151,P0165,1,17-08-2027 20:59,4,149
O1864,U0226,P0199,1,18-08-2027 09:57,5,699
O1865,U0330,P0163,1,19-08-2027 09:54,5,749
O1866,U0141,P0191,1,19-08-2027 20:51,4,399
O1867,U0204,P0169,1,20-08-2027 09:56,5,399
O1868,U0297,P0196,1,21-08-2027 09:59,5,299
O1869,U0120,P0192,1,21-08-2027 20:46,4,499
O1870,U0247,P0164,1,22-08-2027 09:53,5,199
O1871,U0171,P0195,1,23-08-2027 09:58,5,349
O1872,U0320,P0168,1,23-08-2027 20:55,4,349
O1873,U0132,P0197,1,24-08-2027 09:59,5,599
O1874,U0214,P0193,1,25-08-2027 09:52,5,399
O1875,U0304,P0166,1,25-08-2027 20:43,4,499
O1876,U0150,P0162,1,26-08-2027 09:56,5,449
O1877,U0227,P0161,1,27-08-2027 09:55,5,599
O1878,U0332,P0194,1,27-08-2027 20:47,4,449
O1879,U0147,P0199,1,28-08-2027 09:58,5,699
O1880,U0207,P0165,1,29-08-2027 09:53,5,149
O1881,U0290,P0163,1,29-08-2027 20:54,4,749
O1882,U0122,P0198,1,30-08-2027 09:59,5,549
O1883,U0243,P0169,1,31-08-2027 09:51,5,399
O1884,U0175,P0196,1,31-08-2027 20:48,4,299
O1885,U0329,P0191,1,01-09-2027 09:56,5,399
O1886,U0136,P0167,1,02-09-2027 09:59,5,249
O1887,U0219,P0164,1,02-09-2027 20:45,4,199
O1888,U0315,P0195,1,03-09-2027 09:55,5,349
O1889,U0157,P0168,1,04-09-2027 09:58,5,349
O1890,U0220,P0192,1,04-09-2027 20:42,4,499
O1891,U0338,P0166,1,05-09-2027 09:57,5,499
O1892,U0145,P0193,1,06-09-2027 09:59,5,399
O1893,U0201,P0199,1,06-09-2027 20:53,4,699
O1894,U0296,P0161,1,07-09-2027 09:55,5,599
O1895,U0129,P0194,1,08-09-2027 09:52,5,449
O1896,U0248,P0169,1,08-09-2027 20:59,4,399
O1897,U0179,P0162,1,09-09-2027 09:58,5,449
O1898,U0325,P0198,1,10-09-2027 09:54,5,549
O1899,U0131,P0163,1,10-09-2027 20:47,4,749
O1900,U0212,P0197,1,11-09-2027 09:56,5,599
O1901,U0166,P0192,1,12-09-2027 09:54,5,499
O1902,U0310,P0161,1,13-09-2027 09:59,5,599
O1903,U0144,P0167,1,13-09-2027 20:53,4,249
O1904,U0209,P0195,1,14-09-2027 09:58,5,349
O1905,U0299,P0166,1,15-09-2027 09:52,5,499
O1906,U0124,P0198,1,15-09-2027 20:46,4,549
O1907,U0246,P0199,1,16-09-2027 09:55,5,699
O1908,U0177,P0164,1,17-09-2027 09:59,5,199
O1909,U0334,P0169,1,17-09-2027 20:57,4,399
O1910,U0137,P0196,1,18-09-2027 09:54,5,299
O1911,U0218,P0163,1,19-09-2027 09:59,5,749
O1912,U0303,P0191,1,19-09-2027 20:44,4,399
O1913,U0155,P0165,1,20-09-2027 09:57,5,149
O1914,U0228,P0194,1,21-09-2027 09:56,5,449
O1915,U0337,P0162,1,21-09-2027 20:55,4,449
O1916,U0148,P0168,1,22-09-2027 09:53,5,349
O1917,U0203,P0193,1,23-09-2027 09:59,5,399
O1918,U0298,P0161,1,23-09-2027 20:47,4,599
O1919,U0125,P0166,1,24-09-2027 09:58,5,499
O1920,U0249,P0197,1,25-09-2027 09:52,5,599
O1921,U0176,P0167,1,25-09-2027 20:43,4,249
O1922,U0328,P0164,1,26-09-2027 09:57,5,199
O1923,U0135,P0192,1,27-09-2027 09:59,5,499
O1924,U0216,P0198,1,27-09-2027 20:54,4,549
O1925,U0302,P0169,1,28-09-2027 09:56,5,399
O1926,U0152,P0195,1,29-09-2027 09:55,5,349
O1927,U0225,P0196,1,29-09-2027 20:58,4,299
O1928,U0333,P0163,1,30-09-2027 09:59,5,749
O1929,U0143,P0162,1,01-10-2027 09:53,5,449
O1930,U0205,P0161,1,01-10-2027 20:46,4,599
O1931,U0293,P0168,1,02-10-2027 09:57,5,349
O1932,U0126,P0199,1,03-10-2027 09:59,5,699
O1933,U0241,P0167,1,03-10-2027 20:45,4,249
O1934,U0172,P0191,1,04-10-2027 09:54,5,399
O1935,U0322,P0166,1,05-10-2027 09:58,5,499
O1936,U0130,P0192,1,05-10-2027 20:43,4,499
O1937,U0210,P0198,1,06-10-2027 09:59,5,549
O1938,U0307,P0169,1,07-10-2027 09:56,5,399
O1939,U0154,P0164,1,07-10-2027 20:57,4,199
O1940,U0221,P0196,1,08-10-2027 09:52,5,299
O1941,U0331,P0193,1,09-10-2027 09:59,5,399
O1942,U0140,P0165,1,09-10-2027 20:50,4,149
O1943,U0206,P0197,1,10-10-2027 09:53,5,599
O1944,U0295,P0168,1,11-10-2027 09:58,5,349
O1945,U0121,P0162,1,11-10-2027 20:44,4,449
O1946,U0237,P0161,1,12-10-2027 09:59,5,599
O1947,U0165,P0195,1,13-10-2027 09:54,5,349
O1948,U0326,P0192,1,13-10-2027 20:55,4,499
O1949,U0133,P0163,1,14-10-2027 09:56,5,749
O1950,U0213,P0199,1,15-10-2027 09:59,5,699
O1951,U0306,P0167,1,15-10-2027 20:48,4,249
O1952,U0158,P0191,1,16-10-2027 09:52,5,399
O1953,U0224,P0166,1,17-10-2027 09:59,5,499
O1954,U0336,P0194,1,17-10-2027 20:49,4,449
O1955,U0146,P0168,1,18-10-2027 09:54,5,349
O1956,U0200,P0196,1,19-10-2027 09:59,5,299
O1957,U0289,P0162,1,19-10-2027 20:47,4,449
O1958,U0128,P0169,1,20-10-2027 09:55,5,399
O1959,U0240,P0161,1,21-10-2027 09:59,5,599
O1960,U0170,P0192,1,21-10-2027 20:43,4,499
O1961,U0324,P0198,1,22-10-2027 09:56,5,549
O1962,U0138,P0197,1,23-10-2027 09:53,5,599
O1963,U0211,P0194,1,23-10-2027 20:50,4,449
O1964,U0309,P0165,1,24-10-2027 09:59,5,149
O1965,U0156,P0191,1,25-10-2027 09:54,5,399
O1966,U0229,P0163,1,25-10-2027 20:55,4,749
O1967,U0335,P0195,1,26-10-2027 09:58,5,349
O1968,U0142,P0166,1,27-10-2027 09:59,5,499
O1969,U0208,P0196,1,27-10-2027 20:42,4,299
O1970,U0294,P0199,1,28-10-2027 09:57,5,699
O1971,U0123,P0164,1,29-10-2027 09:59,5,199
O1972,U0245,P0192,1,29-10-2027 20:53,4,499
O1973,U0178,P0167,1,30-10-2027 09:52,5,249
O1974,U0342,P0193,1,31-10-2027 09:59,5,399
O1975,U0134,P0161,1,31-10-2027 20:44,4,599
O1976,U0217,P0168,1,01-11-2027 09:56,5,349
O1977,U0318,P0195,1,02-11-2027 09:54,5,349
O1978,U0159,P0169,1,02-11-2027 20:49,4,399
O1979,U0222,P0162,1,03-11-2027 09:59,5,449
O1980,U0339,P0196,1,04-11-2027 09:55,5,299
O1981,U0149,P0166,1,04-11-2027 20:57,4,499
O1982,U0202,P0197,1,05-11-2027 09:58,5,599
O1983,U0291,P0163,1,06-11-2027 09:53,5,749
O1984,U0127,P0194,1,06-11-2027 20:45,4,449
O1985,U0242,P0199,1,07-11-2027 09:59,5,699
O1986,U0174,P0165,1,08-11-2027 09:52,5,149
O1987,U0327,P0191,1,08-11-2027 20:43,4,399
O1988,U0139,P0167,1,09-11-2027 09:57,5,249
O1989,U0215,P0162,1,10-11-2027 09:59,5,449
O1990,U0300,P0195,1,10-11-2027 20:47,4,349
O1991,U0151,P0164,1,11-11-2027 09:56,5,199
O1992,U0226,P0192,1,12-11-2027 09:55,5,499
O1993,U0330,P0196,1,12-11-2027 20:59,4,299
O1994,U0141,P0168,1,13-11-2027 09:54,5,349
O1995,U0204,P0193,1,14-11-2027 09:59,5,399
O1996,U0297,P0161,1,14-11-2027 20:46,4,599
O1997,U0120,P0199,1,15-11-2027 09:57,5,699
O1998,U0247,P0166,1,16-11-2027 09:59,5,499
O1999,U0171,P0169,1,16-11-2027 20:50,4,399
O2000,U0320,P0163,1,17-11-2027 09:56,5,749
